Image,model_name,Score
"3dgcqa-300/dreamfusion-if/a_quaint_cottage_in_a_forest_clearing,_storybook_style,_highest_quality@20240303-202114",dreamfusion-if,2.0
"3dgcqa-300/dreamfusion-if/a_pair_of_dueling_pistols_from_the_18th_century,_detailed_style,_highest_quality@20240306-142203",dreamfusion-if,1.4
"3dgcqa-300/dreamfusion-if/a_pirate_sailing_the_high_seas,_adventure_style,_highest_quality@20240304-153655",dreamfusion-if,3.3
"3dgcqa-300/dreamfusion-if/a_lone_cactus_in_the_desert_at_midday,_watercolor_style,_highest_quality@20240306-013255",dreamfusion-if,3.6
"3dgcqa-300/dreamfusion-if/a_lush_rainforest_with_a_waterfall,_vibrant_style,_highest_quality@20240306-030615",dreamfusion-if,3.0
"3dgcqa-300/dreamfusion-if/an_ancient_Viking_axe,_realistic_style,_highest_quality@20240306-123529",dreamfusion-if,2.9
"3dgcqa-300/dreamfusion-if/a_medieval_gargoyle_on_a_cathedral,_gothic_style,_highest_quality@20240306-234653",dreamfusion-if,2.9
"3dgcqa-300/dreamfusion-if/a_bonsai_tree_in_a_serene_garden,_Japanese_ink_style,_highest_quality@20240306-044348",dreamfusion-if,2.7
"3dgcqa-300/dreamfusion-if/a_flowing_evening_gown_on_a_mannequin,_sketch_style,_highest_quality@20240305-040041",dreamfusion-if,3.6
"3dgcqa-300/dreamfusion-if/a_steam_locomotive_chugging_through_the_mountains,_vintage_style,_highest_quality@20240306-190004",dreamfusion-if,3.5
"3dgcqa-300/dreamfusion-if/a_slice_of_cheesecake_with_strawberries,_digital_art_style,_highest_quality@20240304-173837",dreamfusion-if,3.5
"3dgcqa-300/dreamfusion-if/a_spaceship_launching_into_orbit,_retro-futurism_style,_highest_quality@20240306-173745",dreamfusion-if,4.0
"3dgcqa-300/dreamfusion-if/an_orchid_in_a_glass_greenhouse,_delicate_style,_highest_quality@20240306-061019",dreamfusion-if,1.3
"3dgcqa-300/dreamfusion-if/a_sailboat_on_the_high_seas_at_dawn,_watercolor_style,_highest_quality@20240306-200819",dreamfusion-if,2.7
"3dgcqa-300/dreamfusion-if/a_vintage_leather_jacket_on_a_hanger,_grunge_style,_highest_quality@20240305-062317",dreamfusion-if,2.4
"3dgcqa-300/dreamfusion-if/a_futuristic_laser_gun,_sci-fi_style,_highest_quality@20240306-110321",dreamfusion-if,3.1
"3dgcqa-300/dreamfusion-if/a_picnic_basket_on_a_sunny_day,_impressionist_style,_highest_quality@20240304-195126",dreamfusion-if,3.5
"3dgcqa-300/dreamfusion-if/a_robot_exploring_space,_sci-fi_style,_highest_quality@20240304-163700",dreamfusion-if,2.3
"3dgcqa-300/dreamfusion-if/a_futuristic_suit_of_armor,_sci-fi_style,_highest_quality@20240305-124629",dreamfusion-if,3.0
"3dgcqa-300/dreamfusion-if/a_detective_solving_a_mystery,_noir_style,_highest_quality@20240304-142819",dreamfusion-if,2.0
"3dgcqa-300/dreamfusion-if/a_renaissance_bust_in_a_gallery,_classical_style,_highest_quality@20240305-145147",dreamfusion-if,3.0
"3dgcqa-300/dreamfusion-if/a_dolphin_leaping_out_of_the_water,_watercolor_style,_highest_quality@20240301-231658",dreamfusion-if,3.9
"3dgcqa-300/dreamfusion-if/a_modern_skyscraper_in_a_bustling_city,_futurist_style,_highest_quality@20240303-010927",dreamfusion-if,2.5
"3dgcqa-300/dreamfusion-if/a_traditional_kimono_with_intricate_patterns,_watercolor_style,_highest_quality@20240305-114158",dreamfusion-if,3.3
"3dgcqa-300/dreamfusion-sd/a_quaint_cottage_in_a_forest_clearing,_storybook_style,_highest_quality@20240304-132424",dreamfusion-sd,2.7
"3dgcqa-300/dreamfusion-sd/a_modern_skyscraper_in_a_bustling_city,_futurist_style,_highest_quality@20240303-184538",dreamfusion-sd,2.6
"3dgcqa-300/dreamfusion-sd/a_playful_puppy_chasing_its_tail,_cartoon_style,_highest_quality@20240302-183438",dreamfusion-sd,2.7
"3dgcqa-300/dreamfusion-sd/an_ancient_Greek_statue_in_a_museum,_realistic_style,_highest_quality@20240305-151032",dreamfusion-sd,3.3
"3dgcqa-300/dreamfusion-sd/a_futuristic_suit_of_armor,_sci-fi_style,_highest_quality@20240305-135156",dreamfusion-sd,2.6
"3dgcqa-300/dreamfusion-sd/a_lone_cactus_in_the_desert_at_midday,_watercolor_style,_highest_quality@20240306-055027",dreamfusion-sd,3.2
"3dgcqa-300/dreamfusion-sd/an_ancient_Viking_axe,_realistic_style,_highest_quality@20240306-172402",dreamfusion-sd,3.3
"3dgcqa-300/dreamfusion-sd/a_majestic_eagle_soaring_above_mountains,_realistic_style,_highest_quality@20240302-224930",dreamfusion-sd,2.5
"3dgcqa-300/dreamfusion-sd/a_traditional_Japanese_temple_in_autumn,_ukiyo-e_style,_highest_quality@20240303-230028",dreamfusion-sd,2.8
"3dgcqa-300/dreamfusion-sd/a_modern_abstract_sculpture_in_a_public_park,_minimalistic_style,_highest_quality@20240305-164420",dreamfusion-sd,2.7
"3dgcqa-300/dreamfusion-sd/a_vintage_leather_jacket_on_a_hanger,_grunge_style,_highest_quality@20240305-094700",dreamfusion-sd,2.3
"3dgcqa-300/dreamfusion-sd/a_motorcycle_speeding_on_a_desert_highway,_dynamic_style,_highest_quality@20240305-072522",dreamfusion-sd,2.7
"3dgcqa-300/dreamfusion-sd/a_slice_of_cheesecake_with_strawberries,_digital_art_style,_highest_quality@20240304-201640",dreamfusion-sd,3.8
"3dgcqa-300/dreamfusion-sd/a_rustic_farmhouse_table_set_for_dinner,_country_style,_highest_quality@20240306-014452",dreamfusion-sd,2.5
"3dgcqa-300/dreamfusion-sd/a_medieval_longbow_with_arrows,_historic_style@20240306-120720",dreamfusion-sd,2.8
"3dgcqa-300/dreamfusion-sd/a_sailboat_on_the_high_seas_at_dawn,_watercolor_style,_highest_quality@20240305-061526",dreamfusion-sd,3.5
"3dgcqa-300/dreamfusion-sd/a_steaming_cup_of_coffee_on_a_rainy_day,_cozy_style,_highest_quality@20240305-011228",dreamfusion-sd,2.1
"3dgcqa-300/dreamfusion-sd/a_wizard_casting_a_spell,_fantasy_art_style,_highest_quality@20240304-161101",dreamfusion-sd,3.3
"3dgcqa-300/dreamfusion-sd/a_lush_rainforest_with_a_waterfall,_vibrant_style,_highest_quality@20240306-065950",dreamfusion-sd,1.8
"3dgcqa-300/dreamfusion-sd/a_pair_of_dueling_pistols_from_the_18th_century,_detailed_style,_highest_quality@20240306-183315",dreamfusion-sd,2.7
"3dgcqa-300/dreamfusion-sd/a_dolphin_leaping_out_of_the_water,_watercolor_style,_highest_quality@20240301-231725",dreamfusion-sd,3.1
"3dgcqa-300/dreamfusion-sd/an_ice_sculpture_at_a_winter_festival,_photorealistic_style,_highest_quality@20240305-205315",dreamfusion-sd,3.3
"3dgcqa-300/fantasia3d-texture/a_cozy_reading_nook_with_a_bookshelf,_pastel_style,_highest_quality@20240309-141715",fantasia3d-texture,2.7
"3dgcqa-300/fantasia3d-texture/a_vintage_car_racing_on_a_country_road,_impressionist_style,_highest_quality@20240307-165607",fantasia3d-texture,2.7
"3dgcqa-300/fantasia3d-texture/a_bowl_of_ramen_with_steam_rising,_anime_style,_highest_quality@20240306-113504",fantasia3d-texture,2.2
"3dgcqa-300/fantasia3d-texture/a_gleaming_samurai_sword,_traditional_Japanese_style,_highest_quality@20240312-003827",fantasia3d-texture,1.8
"3dgcqa-300/fantasia3d-texture/a_picnic_basket_on_a_sunny_day,_impressionist_style,_highest_quality@20240306-150919",fantasia3d-texture,3.0
"3dgcqa-300/fantasia3d-texture/a_motorcycle_speeding_on_a_desert_highway,_dynamic_style,_highest_quality@20240308-043556",fantasia3d-texture,1.8
"3dgcqa-300/fantasia3d-texture/a_steaming_cup_of_coffee_on_a_rainy_day,_cozy_style,_highest_quality@20240307-141000",fantasia3d-texture,2.6
"3dgcqa-300/fantasia3d-texture/a_lone_cactus_in_the_desert_at_midday,_watercolor_style,_highest_quality@20240311-150048",fantasia3d-texture,3.5
"3dgcqa-300/fantasia3d-texture/an_ornate_throne_in_a_royal_palace,_baroque_style,_highest_quality@20240310-110604",fantasia3d-texture,3.6
"3dgcqa-300/fantasia3d-texture/a_pair_of_high-top_sneakers,_pop_art_style,_highest_quality@20240308-135219",fantasia3d-texture,2.8
"3dgcqa-300/fantasia3d-texture/a_rustic_farmhouse_table_set_for_dinner,_country_style,_highest_quality@20240310-225256",fantasia3d-texture,2.0
"3dgcqa-300/fantasia3d-texture/a_traditional_kimono_with_intricate_patterns,_watercolor_style,_highest_quality@20240308-170622",fantasia3d-texture,2.3
"3dgcqa-300/fantasia3d-texture/a_renaissance_bust_in_a_gallery,_classical_style,_highest_quality@20240309-063600",fantasia3d-texture,3.3
"3dgcqa-300/fantasia3d-texture/an_ancient_Greek_statue_in_a_museum,_realistic_style,_highest_quality@20240308-232423",fantasia3d-texture,1.0
"3dgcqa-300/fantasia3d-texture/a_majestic_eagle_soaring_above_mountains,_realistic_style,_highest_quality@20240303-182607",fantasia3d-texture,2.3
"3dgcqa-300/fantasia3d-texture/a_dolphin_leaping_out_of_the_water,_watercolor_style,_highest_quality@20240303-201321",fantasia3d-texture,2.2
"3dgcqa-300/fantasia3d-texture/an_orchid_in_a_glass_greenhouse,_delicate_style,_highest_quality@20240311-224645",fantasia3d-texture,2.3
"3dgcqa-300/fantasia3d-texture/a_knight_wielding_a_sword,_comic_book_style,_highest_quality@20240305-150255",fantasia3d-texture,2.4
"3dgcqa-300/fantasia3d-texture/a_medieval_gargoyle_on_a_cathedral,_gothic_style,_highest_quality@20240309-034507",fantasia3d-texture,1.5
"3dgcqa-300/fantasia3d-texture/a_futuristic_laser_gun,_sci-fi_style,_highest_quality@20240312-025910",fantasia3d-texture,2.3
"3dgcqa-300/fantasia3d-texture/a_detective_solving_a_mystery,_noir_style,_highest_quality@20240305-222400",fantasia3d-texture,2.2
"3dgcqa-300/fantasia3d-texture/an_ancient_Viking_axe,_realistic_style,_highest_quality@20240312-092029",fantasia3d-texture,1.5
"3dgcqa-300/fantasia3d-texture/a_medieval_longbow_with_arrows,_historic_style@20240312-014513",fantasia3d-texture,1.5
"3dgcqa-300/fantasia3d-texture/a_steam_locomotive_chugging_through_the_mountains,_vintage_style,_highest_quality@20240307-225631",fantasia3d-texture,3.0
"3dgcqa-300/fantasia3d-texture/a_quaint_cottage_in_a_forest_clearing,_storybook_style,_highest_quality@20240305-110607",fantasia3d-texture,3.7
"3dgcqa-300/fantasia3d-texture/an_ancient_Egyptian_pyramid_at_sunrise,_photorealistic_style,_highest_quality@20240305-082616",fantasia3d-texture,2.5
"3dgcqa-300/fantasia3d-texture/a_futuristic_suit_of_armor,_sci-fi_style,_highest_quality@20240308-192627",fantasia3d-texture,1.6
"3dgcqa-300/fantasia3d-texture/a_pirate_sailing_the_high_seas,_adventure_style,_highest_quality@20240306-013227",fantasia3d-texture,2.2
"3dgcqa-300/hifa/a_vintage_leather_jacket_on_a_hanger,_grunge_style,_highest_quality@20240310-001717",hifa,2.9
"3dgcqa-300/hifa/a_futuristic_laser_gun,_sci-fi_style,_highest_quality@20240313-101603",hifa,2.4
"3dgcqa-300/hifa/a_traditional_kimono_with_intricate_patterns,_watercolor_style,_highest_quality@20240310-093218",hifa,2.6
"3dgcqa-300/hifa/a_futuristic_suit_of_armor,_sci-fi_style,_highest_quality@20240310-123917",hifa,3.2
"3dgcqa-300/hifa/an_ancient_Viking_axe,_realistic_style,_highest_quality@20240313-132148",hifa,3.9
"3dgcqa-300/hifa/a_steaming_cup_of_coffee_on_a_rainy_day,_cozy_style,_highest_quality@20240308-061431",hifa,4.2
"3dgcqa-300/hifa/a_wizard_casting_a_spell,_fantasy_art_style,_highest_quality@20240306-071901",hifa,2.9
"3dgcqa-300/hifa/a_robot_exploring_space,_sci-fi_style,_highest_quality@20240307-003934",hifa,3.1
"3dgcqa-300/hifa/a_modern_skyscraper_in_a_bustling_city,_futurist_style,_highest_quality@20240304-233002",hifa,1.8
"3dgcqa-300/hifa/a_pair_of_high-top_sneakers,_pop_art_style,_highest_quality@20240310-033628",hifa,2.7
"3dgcqa-300/hifa/a_quaint_cottage_in_a_forest_clearing,_storybook_style,_highest_quality@20240305-192745",hifa,2.3
"3dgcqa-300/hifa/a_knight_wielding_a_sword,_comic_book_style,_highest_quality@20240306-020049",hifa,3.7
"3dgcqa-300/hifa/a_sunflower_field_at_sunset,_oil_painting_style,_highest_quality@20240312-082150",hifa,2.0
"3dgcqa-300/hifa/a_playful_puppy_chasing_its_tail,_cartoon_style,_highest_quality@20240303-161700",hifa,2.6
"3dgcqa-300/hifa/a_slice_of_cheesecake_with_strawberries,_digital_art_style,_highest_quality@20240307-052212",hifa,4.6
"3dgcqa-300/hifa/a_spaceship_launching_into_orbit,_retro-futurism_style,_highest_quality@20240308-190928",hifa,1.8
"3dgcqa-300/hifa/a_bonsai_tree_in_a_serene_garden,_Japanese_ink_style,_highest_quality@20240312-221917",hifa,2.5
"3dgcqa-300/hifa/an_ancient_Greek_statue_in_a_museum,_realistic_style,_highest_quality@20240310-154413",hifa,2.7
"3dgcqa-300/hifa/a_pirate_sailing_the_high_seas,_adventure_style,_highest_quality@20240306-181538",hifa,2.2
"3dgcqa-300/hifa/a_modern_abstract_sculpture_in_a_public_park,_minimalistic_style,_highest_quality@20240310-190454",hifa,3.3
"3dgcqa-300/hifa/a_rustic_farmhouse_table_set_for_dinner,_country_style,_highest_quality@20240311-233534",hifa,1.9
"3dgcqa-300/hifa/an_antique_wooden_desk_in_a_study,_vintage_style,_highest_quality@20240311-142540",hifa,2.3
"3dgcqa-300/hifa/a_tiger_stalking_through_the_jungle,_ink_wash_painting_style,_highest_quality@20240302-130722",hifa,2.0
"3dgcqa-300/hifa/a_majestic_eagle_soaring_above_mountains,_realistic_style,_highest_quality@20240304-132108",hifa,2.3
"3dgcqa-300/hifa/a_cozy_reading_nook_with_a_bookshelf,_pastel_style,_highest_quality@20240311-091247",hifa,1.8
"3dgcqa-300/hifa/a_lush_rainforest_with_a_waterfall,_vibrant_style,_highest_quality@20240312-183320",hifa,2.3
"3dgcqa-300/hifa/a_flock_of_birds_flying_at_sunset,_silhouette_style,_highest_quality@20240302-184259",hifa,2.5
"3dgcqa-300/hifa/a_minimalist_modern_sofa_in_a_bright_room,_contemporary_style,_highest_quality@20240311-193646",hifa,2.7
"3dgcqa-300/hifa/an_ornate_throne_in_a_royal_palace,_baroque_style,_highest_quality@20240312-050333",hifa,2.7
"3dgcqa-300/hifa/a_medieval_gargoyle_on_a_cathedral,_gothic_style,_highest_quality@20240310-221801",hifa,3.7
"3dgcqa-300/magic3d-refine-if/a_spaceship_launching_into_orbit,_retro-futurism_style,_highest_quality@20240305-150801",magic3d-refine-if,1.9
"3dgcqa-300/magic3d-refine-if/a_cozy_reading_nook_with_a_bookshelf,_pastel_style,_highest_quality@20240307-040500",magic3d-refine-if,1.2
"3dgcqa-300/magic3d-refine-if/an_ancient_Viking_axe,_realistic_style,_highest_quality@20240308-071028",magic3d-refine-if,3.5
"3dgcqa-300/magic3d-refine-if/a_slice_of_cheesecake_with_strawberries,_digital_art_style,_highest_quality@20240305-010239",magic3d-refine-if,4.1
"3dgcqa-300/magic3d-refine-if/an_ornate_throne_in_a_royal_palace,_baroque_style,_highest_quality@20240307-110010",magic3d-refine-if,2.2
"3dgcqa-300/magic3d-refine-if/a_motorcycle_speeding_on_a_desert_highway,_dynamic_style,_highest_quality@20240305-235116",magic3d-refine-if,2.8
"3dgcqa-300/magic3d-refine-if/a_dolphin_leaping_out_of_the_water,_watercolor_style,_highest_quality@20240303-213408",magic3d-refine-if,3.4
"3dgcqa-300/magic3d-refine-if/a_bowl_of_ramen_with_steam_rising,_anime_style,_highest_quality@20240305-032749",magic3d-refine-if,3.9
"3dgcqa-300/magic3d-refine-if/a_gleaming_samurai_sword,_traditional_Japanese_style,_highest_quality@20240308-002824",magic3d-refine-if,3.9
"3dgcqa-300/magic3d-refine-if/a_pair_of_dueling_pistols_from_the_18th_century,_detailed_style,_highest_quality@20240308-090837",magic3d-refine-if,3.0
"3dgcqa-300/magic3d-refine-if/a_quaint_cottage_in_a_forest_clearing,_storybook_style,_highest_quality@20240304-135408",magic3d-refine-if,4.3
"3dgcqa-300/magic3d-refine-if/a_lush_rainforest_with_a_waterfall,_vibrant_style,_highest_quality@20240307-180044",magic3d-refine-if,4.2
"3dgcqa-300/magic3d-refine-if/a_rustic_farmhouse_table_set_for_dinner,_country_style,_highest_quality@20240307-092023",magic3d-refine-if,4.1
"3dgcqa-300/magic3d-refine-if/a_majestic_eagle_soaring_above_mountains,_realistic_style,_highest_quality@20240303-170540",magic3d-refine-if,2.2
"3dgcqa-300/magic3d-refine-if/a_steam_locomotive_chugging_through_the_mountains,_vintage_style,_highest_quality@20240305-183711",magic3d-refine-if,3.8
"3dgcqa-300/magic3d-refine-if/an_ancient_Greek_statue_in_a_museum,_realistic_style,_highest_quality@20240306-163008",magic3d-refine-if,4.6
"3dgcqa-300/magic3d-refine-if/a_pair_of_high-top_sneakers,_pop_art_style,_highest_quality@20240306-073925",magic3d-refine-if,3.4
"3dgcqa-300/magic3d-refine-if/a_flock_of_birds_flying_at_sunset,_silhouette_style,_highest_quality@20240303-200935",magic3d-refine-if,1.2
"3dgcqa-300/magic3d-refine-if/a_modern_skyscraper_in_a_bustling_city,_futurist_style,_highest_quality@20240304-170136",magic3d-refine-if,2.2
"3dgcqa-300/magic3d-refine-if/a_vintage_leather_jacket_on_a_hanger,_grunge_style,_highest_quality@20240306-044900",magic3d-refine-if,3.2
"3dgcqa-300/magic3d-refine-if/a_futuristic_laser_gun,_sci-fi_style,_highest_quality@20240308-050341",magic3d-refine-if,3.5
"3dgcqa-300/magic3d-refine-if/a_medieval_longbow_with_arrows,_historic_style@20240308-023958",magic3d-refine-if,1.1
"3dgcqa-300/magic3d-refine-if/a_wizard_casting_a_spell,_fantasy_art_style,_highest_quality@20240304-131711",magic3d-refine-if,3.0
"3dgcqa-300/magic3d-refine-if/a_tiger_stalking_through_the_jungle,_ink_wash_painting_style,_highest_quality@20240304-143241",magic3d-refine-if,2.4
"3dgcqa-300/magic3d-refine-if/a_traditional_kimono_with_intricate_patterns,_watercolor_style,_highest_quality@20240306-110331",magic3d-refine-if,4.0
"3dgcqa-300/magic3d-refine-if/a_robot_exploring_space,_sci-fi_style,_highest_quality@20240304-225813",magic3d-refine-if,3.1
"3dgcqa-300/magic3d-refine-if/a_lone_cactus_in_the_desert_at_midday,_watercolor_style,_highest_quality@20240307-153827",magic3d-refine-if,4.1
"3dgcqa-300/magic3d-refine-if/a_sunflower_field_at_sunset,_oil_painting_style,_highest_quality@20240307-124533",magic3d-refine-if,2.0
"3dgcqa-300/magic3d-refine-sd/a_slice_of_cheesecake_with_strawberries,_digital_art_style,_highest_quality@20240310-194355",magic3d-refine-sd,4.2
"3dgcqa-300/magic3d-refine-sd/an_ancient_Egyptian_pyramid_at_sunrise,_photorealistic_style,_highest_quality@20240309-143554",magic3d-refine-sd,2.8
"3dgcqa-300/magic3d-refine-sd/a_majestic_eagle_soaring_above_mountains,_realistic_style,_highest_quality@20240303-224309",magic3d-refine-sd,3.0
"3dgcqa-300/magic3d-refine-sd/a_quaint_cottage_in_a_forest_clearing,_storybook_style,_highest_quality@20240309-162519",magic3d-refine-sd,2.9
"3dgcqa-300/magic3d-refine-sd/a_sunflower_field_at_sunset,_oil_painting_style,_highest_quality@20240312-151544",magic3d-refine-sd,2.7
"3dgcqa-300/magic3d-refine-sd/a_traditional_Japanese_temple_in_autumn,_ukiyo-e_style,_highest_quality@20240309-124429",magic3d-refine-sd,2.9
"3dgcqa-300/magic3d-refine-sd/a_flowing_evening_gown_on_a_mannequin,_sketch_style,_highest_quality@20240311-111750",magic3d-refine-sd,3.8
"3dgcqa-300/magic3d-refine-sd/an_ice_sculpture_at_a_winter_festival,_photorealistic_style,_highest_quality@20240312-065353",magic3d-refine-sd,2.5
"3dgcqa-300/magic3d-refine-sd/a_pair_of_high-top_sneakers,_pop_art_style,_highest_quality@20240311-145804",magic3d-refine-sd,3.9
"3dgcqa-300/magic3d-refine-sd/a_modern_abstract_sculpture_in_a_public_park,_minimalistic_style,_highest_quality@20240311-223358",magic3d-refine-sd,3.8
"3dgcqa-300/magic3d-refine-sd/a_tiger_stalking_through_the_jungle,_ink_wash_painting_style,_highest_quality@20240303-200606",magic3d-refine-sd,1.5
"3dgcqa-300/magic3d-refine-sd/a_vintage_car_racing_on_a_country_road,_impressionist_style,_highest_quality@20240311-034923",magic3d-refine-sd,2.2
"3dgcqa-300/magic3d-refine-sd/a_bonsai_tree_in_a_serene_garden,_Japanese_ink_style,_highest_quality@20240312-190724",magic3d-refine-sd,3.0
"3dgcqa-300/magic3d-refine-sd/an_assortment_of_sushi_on_a_bamboo_mat,_minimalist_style,_highest_quality@20240311-010002",magic3d-refine-sd,2.7
"3dgcqa-300/magic3d-refine-sd/a_futuristic_suit_of_armor,_sci-fi_style,_highest_quality@20240311-182819",magic3d-refine-sd,2.6
"3dgcqa-300/magic3d-refine-sd/a_robot_exploring_space,_sci-fi_style,_highest_quality@20240310-182254",magic3d-refine-sd,3.1
"3dgcqa-300/magic3d-refine-sd/a_detective_solving_a_mystery,_noir_style,_highest_quality@20240310-135357",magic3d-refine-sd,1.0
"3dgcqa-300/magic3d-refine-sd/a_lone_cactus_in_the_desert_at_midday,_watercolor_style,_highest_quality@20240312-163442",magic3d-refine-sd,3.7
"3dgcqa-300/magic3d-refine-sd/a_modern_skyscraper_in_a_bustling_city,_futurist_style,_highest_quality@20240308-233643",magic3d-refine-sd,2.2
"3dgcqa-300/magic3d-refine-sd/a_futuristic_laser_gun,_sci-fi_style,_highest_quality@20240313-114500",magic3d-refine-sd,2.4
"3dgcqa-300/magic3d-refine-sd/a_wizard_casting_a_spell,_fantasy_art_style,_highest_quality@20240309-202902",magic3d-refine-sd,2.9
"3dgcqa-300/magic3d-refine-sd/a_minimalist_modern_sofa_in_a_bright_room,_contemporary_style,_highest_quality@20240312-112736",magic3d-refine-sd,2.2
"3dgcqa-300/magic3d-refine-sd/a_motorcycle_speeding_on_a_desert_highway,_dynamic_style,_highest_quality@20240311-092503",magic3d-refine-sd,2.5
"3dgcqa-300/magic3d-refine-sd/a_bowl_of_ramen_with_steam_rising,_anime_style,_highest_quality@20240310-210638",magic3d-refine-sd,2.3
"3dgcqa-300/magic3d-refine-sd/a_sailboat_on_the_high_seas_at_dawn,_watercolor_style,_highest_quality@20240311-080226",magic3d-refine-sd,3.2
"3dgcqa-300/magic3d-refine-sd/a_playful_puppy_chasing_its_tail,_cartoon_style,_highest_quality@20240303-170718",magic3d-refine-sd,3.0
"3dgcqa-300/textmesh-if/a_modern_skyscraper_in_a_bustling_city,_futurist_style,_highest_quality@20240304-210852",textmesh-if,2.4
"3dgcqa-300/textmesh-if/a_medieval_gargoyle_on_a_cathedral,_gothic_style,_highest_quality@20240307-142203",textmesh-if,2.5
"3dgcqa-300/textmesh-if/a_pair_of_high-top_sneakers,_pop_art_style,_highest_quality@20240307-022704",textmesh-if,3.5
"3dgcqa-300/textmesh-if/a_majestic_eagle_soaring_above_mountains,_realistic_style,_highest_quality@20240303-014128",textmesh-if,2.2
"3dgcqa-300/textmesh-if/a_bonsai_tree_in_a_serene_garden,_Japanese_ink_style,_highest_quality@20240308-053141",textmesh-if,2.8
"3dgcqa-300/textmesh-if/a_vintage_leather_jacket_on_a_hanger,_grunge_style,_highest_quality@20240307-001753",textmesh-if,2.9
"3dgcqa-300/textmesh-if/a_lush_rainforest_with_a_waterfall,_vibrant_style,_highest_quality@20240308-042622",textmesh-if,3.3
"3dgcqa-300/textmesh-if/a_pirate_sailing_the_high_seas,_adventure_style,_highest_quality@20240305-130007",textmesh-if,0.9
"3dgcqa-300/textmesh-if/a_vintage_car_racing_on_a_country_road,_impressionist_style,_highest_quality@20240306-100336",textmesh-if,3.2
"3dgcqa-300/textmesh-if/a_lone_cactus_in_the_desert_at_midday,_watercolor_style,_highest_quality@20240308-032239",textmesh-if,3.7
"3dgcqa-300/textmesh-if/an_antique_wooden_desk_in_a_study,_vintage_style,_highest_quality@20240307-193744",textmesh-if,1.0
"3dgcqa-300/textmesh-if/a_futuristic_laser_gun,_sci-fi_style,_highest_quality@20240308-102336",textmesh-if,2.2
"3dgcqa-300/textmesh-if/a_wizard_casting_a_spell,_fantasy_art_style,_highest_quality@20240305-080250",textmesh-if,2.8
"3dgcqa-300/textmesh-if/a_modern_abstract_sculpture_in_a_public_park,_minimalistic_style,_highest_quality@20240307-132043",textmesh-if,2.3
"3dgcqa-300/textmesh-if/an_orchid_in_a_glass_greenhouse,_delicate_style,_highest_quality@20240308-063543",textmesh-if,1.1
"3dgcqa-300/textmesh-if/a_steam_locomotive_chugging_through_the_mountains,_vintage_style,_highest_quality@20240306-143746",textmesh-if,2.6
"3dgcqa-300/textmesh-if/a_spaceship_launching_into_orbit,_retro-futurism_style,_highest_quality@20240306-122047",textmesh-if,2.8
"3dgcqa-300/textmesh-if/a_flowing_evening_gown_on_a_mannequin,_sketch_style,_highest_quality@20240306-220639",textmesh-if,3.6
"3dgcqa-300/textmesh-if/a_flock_of_birds_flying_at_sunset,_silhouette_style,_highest_quality@20240302-223547",textmesh-if,2.5
"3dgcqa-300/textmesh-if/a_pair_of_dueling_pistols_from_the_18th_century,_detailed_style,_highest_quality@20240308-123335",textmesh-if,0.4
"3dgcqa-300/textmesh-if/a_slice_of_cheesecake_with_strawberries,_digital_art_style,_highest_quality@20240305-221058",textmesh-if,3.5
"3dgcqa-300/textmesh-if/a_picnic_basket_on_a_sunny_day,_impressionist_style,_highest_quality@20240306-024821",textmesh-if,3.5
"3dgcqa-300/textmesh-if/a_rustic_farmhouse_table_set_for_dinner,_country_style,_highest_quality@20240307-224516",textmesh-if,1.2
"3dgcqa-300/textmesh-if/a_robot_exploring_space,_sci-fi_style,_highest_quality@20240305-180554",textmesh-if,0.2
"3dgcqa-300/textmesh-if/an_ornate_throne_in_a_royal_palace,_baroque_style,_highest_quality@20240308-001803",textmesh-if,2.6
"3dgcqa-300/textmesh-if/an_ancient_Egyptian_pyramid_at_sunrise,_photorealistic_style,_highest_quality@20240305-015832",textmesh-if,4.2
"3dgcqa-4k/dreamfusion-if/a_ceramic_fish,_swimming,_tropical_style@20250811-062636",dreamfusion-if,3.7
"3dgcqa-4k/dreamfusion-if/a_blanket,_folding,_vintage_style@20250811-091210",dreamfusion-if,4.5
"3dgcqa-4k/dreamfusion-if/a_peppermint_tea,_steaming,_soothing_style@20250811-115318",dreamfusion-if,1.4
"3dgcqa-4k/dreamfusion-if/a_printer,_printing,_monochrome_style@20250811-172141",dreamfusion-if,4.2
"3dgcqa-4k/dreamfusion-if/a_doll,_dancing,_anime_style@20250811-160329",dreamfusion-if,1.6
"3dgcqa-4k/dreamfusion-if/a_cortado,_sipping,_balanced_style@20250811-174059",dreamfusion-if,1.0
"3dgcqa-4k/dreamfusion-if/a_bicycle,_cycling,_adventure_style@20250811-201608",dreamfusion-if,0.5
"3dgcqa-4k/dreamfusion-if/a_fitness_watch,_tracking,_active_style@20250811-115038",dreamfusion-if,0.0
"3dgcqa-4k/dreamfusion-if/a_vanilla_pod,_splitting,_sweet_style@20250811-115705",dreamfusion-if,3.2
"3dgcqa-4k/dreamfusion-if/a_rosemary_sprig,_roasting,_earthy_style@20250811-144055",dreamfusion-if,0.6
"3dgcqa-4k/dreamfusion-if/a_urn,_sealing,_classical_style@20250924-054504",dreamfusion-if,4.6
"3dgcqa-4k/dreamfusion-if/a_thermostat,_adjusting,_modern_style@20250811-160005",dreamfusion-if,0.1
"3dgcqa-4k/dreamfusion-if/a_action_figure,_posing,_heroic_style@20250811-144237",dreamfusion-if,0.9
"3dgcqa-4k/dreamfusion-if/a_graphics_tablet,_drawing,_artistic_style@20250811-103528",dreamfusion-if,0.8
"3dgcqa-4k/dreamfusion-if/a_nail_puller,_extracting,_heavy-duty_style@20250811-155802",dreamfusion-if,0.0
"3dgcqa-4k/dreamfusion-if/a_building_blocks,_stacking,_colorful_style@20250811-103509",dreamfusion-if,1.8
"3dgcqa-4k/dreamfusion-if/a_compass_rose,_guiding,_navigational_style@20250924-025854",dreamfusion-if,0.8
"3dgcqa-4k/dreamfusion-if/a_VR_headset,_immersing,_artistic_style@20250811-062634",dreamfusion-if,2.3
"3dgcqa-4k/dreamfusion-if/a_pie,_slicing,_homemade_style@20250924-042803",dreamfusion-if,2.0
"3dgcqa-4k/dreamfusion-if/a_chihuahua,_barking,_tiny_style@20250811-131857",dreamfusion-if,1.8
"3dgcqa-4k/dreamfusion-if/a_bubble_wand,_blowing,_fun_style@20250811-160827",dreamfusion-if,0.3
"3dgcqa-4k/dreamfusion-if/a_train,_chugging,_illustrative_style@20250811-062636",dreamfusion-if,3.8
"3dgcqa-4k/dreamfusion-if/a_denim_jacket,_fraying,_edgy_style@20250811-062636",dreamfusion-if,0.5
"3dgcqa-4k/dreamfusion-if/a_macaw,_squawking,_vibrant_style@20250811-203126",dreamfusion-if,1.7
"3dgcqa-4k/dreamfusion-if/a_curry_leaf,_sizzling,_Indian_style@20250924-021359",dreamfusion-if,0.8
"3dgcqa-4k/dreamfusion-if/a_cake,_frosting,_pastel_style@20250811-062636",dreamfusion-if,4.0
"3dgcqa-4k/dreamfusion-if/a_margarita,_rimming,_party_style@20250811-131622",dreamfusion-if,0.7
"3dgcqa-4k/dreamfusion-if/a_lantern,_illuminating,_vintage_style@20250811-091221",dreamfusion-if,0.0
"3dgcqa-4k/dreamfusion-if/a_harpoon,_thrusting,_whaling_style@20250924-000414",dreamfusion-if,2.6
"3dgcqa-4k/dreamfusion-if/a_trifle,_layering,_festive_style@20250924-025517",dreamfusion-if,1.3
"3dgcqa-4k/dreamfusion-if/a_drone,_flying,_high-tech_style@20250811-062636",dreamfusion-if,1.3
"3dgcqa-4k/dreamfusion-if/a_broom,_sweeping,_traditional_style@20250811-074909",dreamfusion-if,0.9
"3dgcqa-4k/dreamfusion-if/a_spanner,_tightening,_mechanical_style@20250811-203526",dreamfusion-if,4.4
"3dgcqa-4k/dreamfusion-if/a_anvil,_forging,_medieval_style@20250811-102033",dreamfusion-if,3.7
"3dgcqa-4k/dreamfusion-if/a_saw,_cutting,_isometric_style@20250811-074913",dreamfusion-if,0.0
"3dgcqa-4k/dreamfusion-if/a_border_collie,_herding,_intelligent_style@20250811-115200",dreamfusion-if,0.7
"3dgcqa-4k/dreamfusion-if/a_cinnamon_stick,_simmering,_warm_style@20250924-050707",dreamfusion-if,0.5
"3dgcqa-4k/dreamfusion-if/a_suede_glove,_fitting,_chic_style@20250811-103437",dreamfusion-if,1.1
"3dgcqa-4k/dreamfusion-if/a_flashlight,_illuminating,_functional_style@20250811-115027",dreamfusion-if,2.6
"3dgcqa-4k/dreamfusion-if/a_thai_iced_tea,_blending,_exotic_style@20250811-191247",dreamfusion-if,0.8
"3dgcqa-4k/dreamfusion-if/a_e-reader,_displaying,_minimalistic_style@20250811-143456",dreamfusion-if,1.2
"3dgcqa-4k/dreamfusion-if/a_blender,_blending,_culinary_style@20250811-091115",dreamfusion-if,2.0
"3dgcqa-4k/dreamfusion-if/a_toy_gun,_shooting,_action-packed_style@20250811-115258",dreamfusion-if,4.2
"3dgcqa-4k/dreamfusion-if/a_teddy_bear,_cuddling,_timeless_style@20250811-091246",dreamfusion-if,2.5
"3dgcqa-4k/dreamfusion-if/a_jigsaw_puzzle,_connecting,_detailed_style@20250811-143557",dreamfusion-if,4.2
"3dgcqa-4k/dreamfusion-if/a_gaming_mouse,_clicking,_responsive_style@20250924-020441",dreamfusion-if,0.5
"3dgcqa-4k/dreamfusion-if/a_horse,_galloping,_fantasy_style@20250811-131111",dreamfusion-if,0.7
"3dgcqa-4k/dreamfusion-if/a_cardamom_pod,_bursting,_fragrant_style@20250924-000418",dreamfusion-if,0.8
"3dgcqa-4k/dreamfusion-if/a_helmet,_wearing,_protective_style@20250924-004930",dreamfusion-if,4.1
"3dgcqa-4k/dreamfusion-if/a_turban,_wrapping,_traditional_style@20250924-030041",dreamfusion-if,2.0
"3dgcqa-4k/dreamfusion-if/a_fish,_swimming,_watercolor_style@20250811-074917",dreamfusion-if,3.0
"3dgcqa-4k/dreamfusion-if/a_mocha,_swirling,_decadent_style@20250811-062636",dreamfusion-if,2.5
"3dgcqa-4k/dreamfusion-if/a_matcha_tea,_whisking,_zen_style@20250811-172632",dreamfusion-if,1.0
"3dgcqa-4k/dreamfusion-if/a_sock,_knitting,_homely_style@20250924-034135",dreamfusion-if,0.9
"3dgcqa-4k/dreamfusion-if/a_milkshake,_swirling,_retro_style@20250811-091159",dreamfusion-if,3.0
"3dgcqa-4k/dreamfusion-if/a_kombucha,_fermenting,_organic_style@20250811-074954",dreamfusion-if,0.7
"3dgcqa-4k/dreamfusion-if/a_peacock,_displaying,_regal_style@20250811-144138",dreamfusion-if,0.0
"3dgcqa-4k/dreamfusion-if/a_sundae,_melting,_neon_style@20250811-103520",dreamfusion-if,0.8
"3dgcqa-4k/dreamfusion-if/a_turtle,_crawling,_minimalistic_style@20250811-090936",dreamfusion-if,3.6
"3dgcqa-4k/dreamfusion-if/a_lemongrass_stalk,_steeping,_Thai_style@20250924-025805",dreamfusion-if,1.2
"3dgcqa-4k/dreamfusion-if/a_canary,_singing,_melodic_style@20250811-144051",dreamfusion-if,2.0
"3dgcqa-4k/dreamfusion-if/a_relic,_radiating,_ancient_style@20250811-184557",dreamfusion-if,2.1
"3dgcqa-4k/dreamfusion-if/a_pottery_shard,_reflecting,_ancient_style@20250811-132005",dreamfusion-if,0.9
"3dgcqa-4k/dreamfusion-if/a_Persian_cat,_lounging,_regal_style@20250811-191431",dreamfusion-if,1.3
"3dgcqa-4k/dreamfusion-if/a_pie,_steaming,_homestyle@20250811-074951",dreamfusion-if,0.7
"3dgcqa-4k/dreamfusion-if/a_eclair,_filling,_classic_style@20250924-012920",dreamfusion-if,4.5
"3dgcqa-4k/dreamfusion-if/a_goblet,_drinking,_medieval_style@20250923-231917",dreamfusion-if,3.4
"3dgcqa-4k/dreamfusion-if/a_building_blocks,_constructing,_architectural_style@20250811-114410",dreamfusion-if,1.5
"3dgcqa-4k/dreamfusion-if/a_tape_measure,_extending,_infographic_style@20250811-102639",dreamfusion-if,1.0
"3dgcqa-4k/dreamfusion-if/a_parrot,_talking,_doodle_style@20250811-062635",dreamfusion-if,4.7
"3dgcqa-4k/dreamfusion-if/a_cupcake,_frosting,_celebratory_style@20250924-021522",dreamfusion-if,0.9
"3dgcqa-4k/dreamfusion-if/a_garden_fork,_turning,_horticultural_style@20250811-202923",dreamfusion-if,2.0
"3dgcqa-4k/dreamfusion-if/a_lego_set,_building,_creative_style@20250811-090304",dreamfusion-if,1.1
"3dgcqa-4k/dreamfusion-if/a_sweater_vest,_layering,_preppy_style@20250924-050727",dreamfusion-if,2.4
"3dgcqa-4k/dreamfusion-if/a_projector,_projecting,_cinematic_style@20250811-103032",dreamfusion-if,3.3
"3dgcqa-4k/dreamfusion-if/a_mustard_seed,_popping,_tangy_style@20250924-004757",dreamfusion-if,0.5
"3dgcqa-4k/dreamfusion-if/a_safflower,_coloring,_delicate_style@20250924-025741",dreamfusion-if,1.4
"3dgcqa-4k/dreamfusion-if/a_protein_shake,_mixing,_athletic_style@20250921-225725",dreamfusion-if,0.9
"3dgcqa-4k/dreamfusion-if/a_vodka_tonic,_mixing,_night_out_style@20250811-160256",dreamfusion-if,3.5
"3dgcqa-4k/dreamfusion-if/a_sandal,_wearing,_ancient_style@20250924-021645",dreamfusion-if,4.6
"3dgcqa-4k/dreamfusion-if/a_compass,_pointing,_adventure_style@20250811-074954",dreamfusion-if,1.4
"3dgcqa-4k/dreamfusion-if/a_plunger,_plunging,_household_style@20250811-185740",dreamfusion-if,2.5
"3dgcqa-4k/dreamfusion-if/a_sundial,_shadowing,_timeless_style@20250924-042330",dreamfusion-if,3.4
"3dgcqa-4k/dreamfusion-if/a_stuffed_animal,_cuddling,_plush_style@20250811-115824",dreamfusion-if,1.1
"3dgcqa-4k/dreamfusion-if/a_kitten,_playing,_playful_style@20250811-155832",dreamfusion-if,3.6
"3dgcqa-4k/dreamfusion-if/a_birdbath,_filling,_garden_style@20250924-054504",dreamfusion-if,2.3
"3dgcqa-4k/dreamfusion-if/a_Maine_Coon,_grooming,_fluffy_style@20250811-103043",dreamfusion-if,3.8
"3dgcqa-4k/dreamfusion-if/a_herbal_infusion,_brewing,_natural_style@20250811-091225",dreamfusion-if,4.4
"3dgcqa-4k/dreamfusion-if/a_cupcake,_decorating,_kawaii_style@20250811-091315",dreamfusion-if,1.8
"3dgcqa-4k/dreamfusion-if/a_VR_headset,_immersing,_futuristic_style@20250811-074926",dreamfusion-if,1.7
"3dgcqa-4k/dreamfusion-if/a_flag,_waving,_patriotic_style@20250924-025814",dreamfusion-if,4.0
"3dgcqa-4k/dreamfusion-if/a_espresso,_dripping,_Italian_cafe_style@20250811-091001",dreamfusion-if,3.3
"3dgcqa-4k/dreamfusion-if/a_ceramic_bunny,_hopping,_cute_style@20250811-091221",dreamfusion-if,2.1
"3dgcqa-4k/dreamfusion-if/a_mint_leaf,_muddling,_refreshing_style@20250811-172320",dreamfusion-if,1.6
"3dgcqa-4k/dreamfusion-if/a_dragon_egg,_hatching,_fantasy_style@20250811-074937",dreamfusion-if,4.0
"3dgcqa-4k/dreamfusion-if/a_spade,_digging,_garden_style@20250811-130621",dreamfusion-if,2.3
"3dgcqa-4k/dreamfusion-if/a_remote_control_car,_racing,_fast-paced_style@20250811-062635",dreamfusion-if,3.4
"3dgcqa-4k/dreamfusion-if/a_jar,_opening,_retro_style@20250811-172810",dreamfusion-if,1.5
"3dgcqa-4k/dreamfusion-if/a_crepe,_folding,_delicate_style@20250924-004744",dreamfusion-if,1.5
"3dgcqa-4k/dreamfusion-if/a_wrench,_turning,_vintage_style@20250811-090939",dreamfusion-if,3.6
"3dgcqa-4k/dreamfusion-if/a_vanilla_bean,_splitting,_aromatic_style@20250924-013115",dreamfusion-if,3.1
"3dgcqa-4k/dreamfusion-if/a_laptop,_typing,_flat_design_style@20250811-130831",dreamfusion-if,2.8
"3dgcqa-4k/dreamfusion-if/a_seltzer,_bubbling,_refreshing_style@20250811-172840",dreamfusion-if,0.7
"3dgcqa-4k/dreamfusion-if/a_teapot,_whistling,_line_art_style@20250811-103449",dreamfusion-if,2.1
"3dgcqa-4k/dreamfusion-if/a_stein,_clinking,_festive_style@20250924-000438",dreamfusion-if,2.1
"3dgcqa-4k/dreamfusion-if/a_dragon_vase,_roaring,_mythical_style@20250811-074937",dreamfusion-if,4.1
"3dgcqa-4k/dreamfusion-if/a_smartwatch,_notifying,_sleek_style@20250811-091207",dreamfusion-if,1.4
"3dgcqa-4k/dreamfusion-if/a_Sphynx_cat,_preening,_hairless_style@20250811-115837",dreamfusion-if,1.4
"3dgcqa-4k/dreamfusion-if/a_bonnet,_tying,_old-fashioned_style@20250924-042402",dreamfusion-if,4.5
"3dgcqa-4k/dreamfusion-if/a_toy_car,_zooming,_comic_style@20250811-143728",dreamfusion-if,3.5
"3dgcqa-4k/dreamfusion-if/a_clamp,_securing,_sturdy_style@20250811-191048",dreamfusion-if,0.2
"3dgcqa-4k/dreamfusion-if/a_fondue_pot,_bubbling,_convivial_style@20250924-021512",dreamfusion-if,1.5
"3dgcqa-4k/dreamfusion-if/a_water_bottle,_splashing,_contemporary_style@20250811-143223",dreamfusion-if,2.5
"3dgcqa-4k/dreamfusion-if/a_espresso_machine,_brewing,_aromatic_style@20250811-062636",dreamfusion-if,1.4
"3dgcqa-4k/dreamfusion-if/a_yo-yo,_spinning,_abstract_style@20250811-190405",dreamfusion-if,0.7
"3dgcqa-4k/dreamfusion-if/a_panna_cotta,_setting,_smooth_style@20250924-021201",dreamfusion-if,1.0
"3dgcqa-4k/dreamfusion-if/a_eclair,_glazing,_French_style@20250924-000518",dreamfusion-if,0.0
"3dgcqa-4k/dreamfusion-if/a_parfait,_layering,_sleek_style@20250923-231917",dreamfusion-if,1.3
"3dgcqa-4k/dreamfusion-if/a_ring,_enchanting,_mystical_style@20250811-155623",dreamfusion-if,0.9
"3dgcqa-4k/dreamfusion-if/a_chisel,_carving,_photorealistic_style@20250811-142811",dreamfusion-if,0.6
"3dgcqa-4k/dreamfusion-if/a_meringue,_whipping,_airy_style@20250923-231917",dreamfusion-if,0.7
"3dgcqa-4k/dreamfusion-if/a_sparkling_water,_bubbling,_elegant_style@20250923-231917",dreamfusion-if,2.6
"3dgcqa-4k/dreamfusion-if/a_marbles,_rolling,_classic_style@20250811-103155",dreamfusion-if,1.9
"3dgcqa-4k/dreamfusion-if/a_paintbrush,_stroking,_impressionist_style@20250811-114707",dreamfusion-if,0.2
"3dgcqa-4k/dreamfusion-if/a_bearded_dragon,_basking,_reptilian_style@20250811-091046",dreamfusion-if,2.5
"3dgcqa-4k/dreamfusion-if/a_basketball,_dunking,_dynamic_style@20250811-190414",dreamfusion-if,4.3
"3dgcqa-4k/dreamfusion-if/a_cookie_jar,_opening,_nostalgic_style@20250924-042114",dreamfusion-if,0.4
"3dgcqa-4k/dreamfusion-if/a_fidget_spinner,_spinning,_trendy_style@20250811-115720",dreamfusion-if,3.3
"3dgcqa-4k/dreamfusion-if/a_ladder,_climbing,_high-reaching_style@20250811-142153",dreamfusion-if,0.9
"3dgcqa-4k/dreamfusion-if/a_trampoline,_bouncing,_energetic_style@20250811-185351",dreamfusion-if,4.5
"3dgcqa-4k/dreamfusion-if/a_speaker,_blasting,_neon_style@20250811-185356",dreamfusion-if,1.5
"3dgcqa-4k/dreamfusion-if/a_smart_bulb,_lighting,_ambient_style@20250924-003851",dreamfusion-if,2.0
"3dgcqa-4k/dreamfusion-if/a_malt_shake,_thickening,_creamy_style@20250811-103512",dreamfusion-if,3.7
"3dgcqa-4k/dreamfusion-if/a_toy_boat,_sailing,_maritime_style@20250811-090441",dreamfusion-if,4.0
"3dgcqa-4k/dreamfusion-if/a_chai_latte,_foaming,_spicy_style@20250811-115105",dreamfusion-if,1.7
"3dgcqa-4k/dreamfusion-if/a_basil_leaf,_crushing,_fresh_style@20250811-074953",dreamfusion-if,1.3
"3dgcqa-4k/dreamfusion-if/a_television,_broadcasting,_retro_style@20250811-155402",dreamfusion-if,0.2
"3dgcqa-4k/dreamfusion-if/a_hourglass,_measuring,_timeless_style@20250924-051047",dreamfusion-if,2.6
"3dgcqa-4k/dreamfusion-if/a_matcha_latte,_whisking,_zen_style@20250811-203338",dreamfusion-if,0.2
"3dgcqa-4k/dreamfusion-if/a_cold_brew,_dripping,_iced_style@20250811-155925",dreamfusion-if,3.0
"3dgcqa-4k/dreamfusion-if/a_hand_saw,_sawing,_traditional_style@20250811-143440",dreamfusion-if,2.4
"3dgcqa-4k/dreamfusion-if/a_rubber_duck,_floating,_bath_time_style@20250811-074939",dreamfusion-if,4.7
"3dgcqa-4k/dreamfusion-if/a_chicken,_pecking,_farm_style@20250811-062635",dreamfusion-if,0.8
"3dgcqa-4k/dreamfusion-if/a_betta_fish,_fighting,_vibrant_style@20250811-074917",dreamfusion-if,1.5
"3dgcqa-4k/dreamfusion-if/a_hot_toddy,_warming,_cozy_style@20250811-062636",dreamfusion-if,1.6
"3dgcqa-4k/dreamfusion-if/a_chamomile_tea,_steeping,_calming_style@20250811-074936",dreamfusion-if,0.7
"3dgcqa-4k/dreamfusion-if/a_pliers,_gripping,_rough_sketch_style@20250811-090756",dreamfusion-if,3.8
"3dgcqa-4k/dreamfusion-if/a_model_rocket,_launching,_educational_style@20250811-131854",dreamfusion-if,1.2
"3dgcqa-4k/dreamfusion-if/a_saffron_thread,_blooming,_exotic_style@20250811-091233",dreamfusion-if,0.5
"3dgcqa-4k/dreamfusion-if/a_tape,_measuring,_precise_style@20250924-021544",dreamfusion-if,3.0
"3dgcqa-4k/dreamfusion-if/a_vase,_spinning,_watercolor_style@20250811-103333",dreamfusion-if,1.8
"3dgcqa-4k/dreamfusion-if/a_truffle,_coating,_decadent_style@20250924-051117",dreamfusion-if,0.0
"3dgcqa-4k/dreamfusion-if/a_handwoven_blanket,_comforting,_cozy_style@20250811-160022",dreamfusion-if,0.3
"3dgcqa-4k/dreamfusion-if/a_reciprocating_saw,_cutting,_robust_style@20250811-203814",dreamfusion-if,1.0
"3dgcqa-4k/dreamfusion-if/a_monocle,_focusing,_vintage_style@20250924-034020",dreamfusion-if,0.9
"3dgcqa-4k/dreamfusion-if/a_ratchet,_ratcheting,_efficient_style@20250811-062636",dreamfusion-if,1.2
"3dgcqa-4k/dreamfusion-if/a_cocktail_glass,_shaking,_tropical_style@20250811-155639",dreamfusion-if,3.6
"3dgcqa-4k/dreamfusion-if/a_plate,_spinning,_minimalist_style@20250811-143659",dreamfusion-if,4.5
"3dgcqa-4k/dreamfusion-if/a_dress,_twirling,_art_deco_style@20250811-155934",dreamfusion-if,0.0
"3dgcqa-4k/dreamfusion-if/a_wire_cutter,_snipping,_electrical_style@20250811-190321",dreamfusion-if,3.2
"3dgcqa-4k/dreamfusion-if/a_dill_weed,_sprinkling,_delicate_style@20250923-231917",dreamfusion-if,1.1
"3dgcqa-4k/dreamfusion-if/a_goblet,_spilling,_gothic_style@20250811-131125",dreamfusion-if,2.8
"3dgcqa-4k/dreamfusion-if/a_flannel_shirt,_warming,_casual_style@20250811-200013",dreamfusion-if,2.3
"3dgcqa-4k/dreamfusion-if/a_parasol,_opening,_elegant_style@20250924-050445",dreamfusion-if,0.7
"3dgcqa-4k/dreamfusion-if/a_oil_lamp,_lighting,_traditional_style@20250924-025827",dreamfusion-if,1.0
"3dgcqa-4k/dreamfusion-if/a_chess_set,_strategizing,_classic_style@20250811-173142",dreamfusion-if,4.0
"3dgcqa-4k/dreamfusion-if/a_cannonball,_firing,_historical_style@20250923-231917",dreamfusion-if,0.6
"3dgcqa-4k/dreamfusion-if/a_basket,_weaving,_functional_style@20250924-013336",dreamfusion-if,3.8
"3dgcqa-4k/dreamfusion-if/a_smoothie,_blending,_pop_art_style@20250811-115146",dreamfusion-if,4.1
"3dgcqa-4k/dreamfusion-if/a_teddy_bear,_waving,_cartoon_style@20250811-131654",dreamfusion-if,2.1
"3dgcqa-4k/dreamfusion-if/a_nail_gun,_nailing,_efficient_style@20250811-114051",dreamfusion-if,3.7
"3dgcqa-4k/dreamfusion-if/a_soundbar,_sounding,_immersive_style@20250924-012158",dreamfusion-if,2.4
"3dgcqa-4k/dreamfusion-if/a_plush_toy,_hugging,_soft_style@20250811-160050",dreamfusion-if,0.0
"3dgcqa-4k/dreamfusion-if/a_casserole_dish,_baking,_homely_style@20250811-062633",dreamfusion-if,1.2
"3dgcqa-4k/dreamfusion-if/a_pepper,_grinding,_bold_style@20250811-062636",dreamfusion-if,4.4
"3dgcqa-4k/dreamfusion-if/a_ginger_ale,_fizzing,_zesty_style@20250811-103540",dreamfusion-if,1.8
"3dgcqa-4k/dreamfusion-if/a_brownie,_baking,_cozy_style@20250811-144157",dreamfusion-if,2.1
"3dgcqa-4k/dreamfusion-if/a_hatchet,_chopping,_rustic_style@20250811-062636",dreamfusion-if,2.1
"3dgcqa-4k/dreamfusion-if/a_fruit_tart,_arranging,_colorful_style@20250923-231917",dreamfusion-if,1.2
"3dgcqa-4k/dreamfusion-if/a_juniper_berry,_infusing,_gin_style@20250924-055118",dreamfusion-if,1.3
"3dgcqa-4k/dreamfusion-if/a_robot,_walking,_sci-fi_style@20250811-185957",dreamfusion-if,3.1
"3dgcqa-4k/dreamfusion-if/a_sculpture,_glowing,_surreal_style@20250924-032856",dreamfusion-if,1.4
"3dgcqa-4k/dreamfusion-if/a_washbasin,_filling,_rustic_style@20250924-050323",dreamfusion-if,4.0
"3dgcqa-4k/dreamfusion-if/a_great_dane,_towering,_majestic_style@20250811-173217",dreamfusion-if,3.5
"3dgcqa-4k/dreamfusion-if/a_beanie,_knitting,_urban_style@20250811-160458",dreamfusion-if,1.0
"3dgcqa-4k/dreamfusion-if/a_magic_set,_performing,_magician_style@20250811-160115",dreamfusion-if,2.0
"3dgcqa-4k/dreamfusion-if/a_beach_ball,_bouncing,_holiday_style@20250811-131534",dreamfusion-if,2.6
"3dgcqa-4k/dreamfusion-if/a_jackhammer,_breaking,_urban_style@20250811-142708",dreamfusion-if,0.2
"3dgcqa-4k/dreamfusion-if/a_smartphone,_ringing,_futuristic_style@20250811-114746",dreamfusion-if,2.8
"3dgcqa-4k/dreamfusion-if/a_guinea_pig,_nibbling,_detailed_style@20250811-114915",dreamfusion-if,2.0
"3dgcqa-4k/dreamfusion-if/a_bunny,_nibbling,_soft_style@20250811-160637",dreamfusion-if,2.8
"3dgcqa-4k/dreamfusion-if/a_napkin,_folding,_formal_style@20250923-231917",dreamfusion-if,1.0
"3dgcqa-4k/dreamfusion-if/a_inkwell,_dipping,_classic_style@20250924-013133",dreamfusion-if,0.6
"3dgcqa-4k/dreamfusion-if/a_energy_drink,_electrifying,_high-tech_style@20250811-185955",dreamfusion-if,2.3
"3dgcqa-4k/dreamfusion-if/a_panna_cotta,_garnishing,_smooth_style@20250924-062740",dreamfusion-if,4.0
"3dgcqa-4k/dreamfusion-if/a_smart_home_device,_automating,_innovative_style@20250811-143307",dreamfusion-if,0.1
"3dgcqa-4k/dreamfusion-if/a_dollhouse,_decorating,_miniature_style@20250811-131946",dreamfusion-if,2.0
"3dgcqa-4k/dreamfusion-if/a_beer_mug,_foaming,_hand-drawn_style@20250811-103054",dreamfusion-if,2.3
"3dgcqa-4k/dreamfusion-if/a_camera,_flashing,_realistic_style@20250811-142942",dreamfusion-if,0.2
"3dgcqa-4k/dreamfusion-if/a_model_airplane,_constructing,_detailed_style@20250811-160816",dreamfusion-if,3.1
"3dgcqa-4k/dreamfusion-if/a_sangria,_infusing,_fruity_style@20250811-062636",dreamfusion-if,1.1
"3dgcqa-4k/dreamfusion-if/a_train_set,_assembling,_intricate_style@20250811-115844",dreamfusion-if,0.5
"3dgcqa-4k/dreamfusion-if/a_blocks,_stacking,_Bauhaus_style@20250811-074752",dreamfusion-if,0.7
"3dgcqa-4k/dreamfusion-if/a_figurine,_dancing,_anime_style@20250811-160414",dreamfusion-if,0.2
"3dgcqa-4k/dreamfusion-if/a_iguana,_basking,_exotic_style@20250811-155843",dreamfusion-if,5.0
"3dgcqa-4k/dreamfusion-if/a_fitness_tracker,_monitoring,_sporty_style@20250811-103137",dreamfusion-if,0.6
"3dgcqa-4k/dreamfusion-if/a_gelatin,_setting,_jiggly_style@20250924-034126",dreamfusion-if,1.3
"3dgcqa-4k/dreamfusion-if/a_flowerpot,_planting,_garden_style@20250924-004913",dreamfusion-if,0.9
"3dgcqa-4k/dreamfusion-if/a_marshmallow,_toasting,_campfire_style@20250923-231917",dreamfusion-if,1.8
"3dgcqa-4k/dreamfusion-if/a_jug,_pouring,_rustic_style@20250924-021440",dreamfusion-if,4.4
"3dgcqa-4k/dreamfusion-if/a_bowl,_shattering,_comic_book_style@20250811-115406",dreamfusion-if,4.0
"3dgcqa-4k/dreamfusion-if/a_multitool,_integrating,_versatile_style@20250811-203749",dreamfusion-if,2.5
"3dgcqa-4k/dreamfusion-if/a_puppy,_wagging,_joyful_style@20250811-172838",dreamfusion-if,3.2
"3dgcqa-4k/dreamfusion-if/a_cashmere_scarf,_wrapping,_luxurious_style@20250811-143618",dreamfusion-if,2.8
"3dgcqa-4k/dreamfusion-if/a_balloon,_inflating,_festive_style@20250924-013236",dreamfusion-if,2.0
"3dgcqa-4k/dreamfusion-if/a_doormat,_wiping,welcome_style@20250923-231917",dreamfusion-if,2.1
"3dgcqa-4k/dreamfusion-if/a_treasure_chest,_unlocking,_pirate_style@20250811-115555",dreamfusion-if,3.2
"3dgcqa-4k/dreamfusion-if/a_cat,_purring,_cartoon_style@20250811-185725",dreamfusion-if,0.8
"3dgcqa-4k/dreamfusion-if/a_sash,_tying,_decorative_style@20250924-013352",dreamfusion-if,4.1
"3dgcqa-4k/dreamfusion-if/a_bolt_cutter,_cutting,_forceful_style@20250811-130136",dreamfusion-if,4.8
"3dgcqa-4k/dreamfusion-if/a_garden_gnome,_smiling,_whimsical_style@20250811-115804",dreamfusion-if,2.4
"3dgcqa-4k/dreamfusion-if/a_red_wine,_breathing,_elegant_style@20250811-143759",dreamfusion-if,0.9
"3dgcqa-4k/dreamfusion-if/a_alpaca,_grazing,_fluffy_style@20250811-160838",dreamfusion-if,0.9
"3dgcqa-4k/dreamfusion-if/a_digital_camera,_capturing,_photography_style@20250811-131052",dreamfusion-if,0.9
"3dgcqa-4k/dreamfusion-if/a_betta_fish,_flaring,_colorful_style@20250811-144124",dreamfusion-if,1.0
"3dgcqa-4k/dreamfusion-if/a_hacksaw,_cutting,_precision_style@20250811-184604",dreamfusion-if,0.9
"3dgcqa-4k/dreamfusion-if/a_biscotti,_dipping,_crunchy_style@20250924-004743",dreamfusion-if,1.4
"3dgcqa-4k/dreamfusion-if/a_pina_colada,_chilling,_holiday_style@20250811-074917",dreamfusion-if,2.6
"3dgcqa-4k/dreamfusion-if/a_clay_tablet,_inscribing,_ancient_style@20250924-042321",dreamfusion-if,0.7
"3dgcqa-4k/dreamfusion-if/a_glue_gun,_bonding,_crafty_style@20250811-173940",dreamfusion-if,4.2
"3dgcqa-4k/dreamfusion-if/a_level,_balancing,_steampunk_style@20250811-130722",dreamfusion-if,1.2
"3dgcqa-4k/dreamfusion-if/a_yo-yo,_looping,_classic_style@20250811-075001",dreamfusion-if,0.0
"3dgcqa-4k/dreamfusion-if/a_teacup,_sipping,_elegant_style@20250924-042017",dreamfusion-if,2.6
"3dgcqa-4k/dreamfusion-if/a_iced_tea,_cooling,_summer_style@20250811-091307",dreamfusion-if,1.1
"3dgcqa-4k/dreamfusion-if/a_gelato,_scooping,_creamy_style@20250924-000400",dreamfusion-if,2.0
"3dgcqa-4k/dreamfusion-if/a_rune_stone,_reading,_Viking_style@20250924-055119",dreamfusion-if,3.2
"3dgcqa-4k/dreamfusion-if/a_hamster,_running,_cute_style@20250811-074905",dreamfusion-if,2.7
"3dgcqa-4k/dreamfusion-if/a_drill,_boring,_powerful_style@20250811-144115",dreamfusion-if,4.4
"3dgcqa-4k/dreamfusion-if/a_coffee_machine,_brewing,_morning_style@20250811-074941",dreamfusion-if,2.0
"3dgcqa-4k/dreamfusion-if/a_samurai_sword,_unsheathing,_warrior_style@20250811-103428",dreamfusion-if,0.0
"3dgcqa-4k/dreamfusion-if/a_lemonade,_dripping,_graffiti_style@20250811-131231",dreamfusion-if,4.5
"3dgcqa-4k/dreamfusion-if/a_robot_vacuum,_cleaning,_automated_style@20250811-115720",dreamfusion-if,1.2
"3dgcqa-4k/dreamfusion-if/a_scooter,_riding,_urban_style@20250811-203006",dreamfusion-if,1.1
"3dgcqa-4k/dreamfusion-if/a_shop_vac,_vacuuming,_heavy-duty_style@20250811-091306",dreamfusion-if,2.6
"3dgcqa-4k/dreamfusion-if/a_herbal_tea,_steeping,_calming_style@20250811-201140",dreamfusion-if,0.7
"3dgcqa-4k/dreamfusion-if/a_stocking,_hanging,_festive_style@20250811-173623",dreamfusion-if,0.8
"3dgcqa-4k/dreamfusion-sd/a_chicken,_pecking,_farm_style@20250815-025038",dreamfusion-sd,1.0
"3dgcqa-4k/dreamfusion-sd/a_teapot,_pouring,_abstract_style@20250815-163504",dreamfusion-sd,2.1
"3dgcqa-4k/dreamfusion-sd/a_pavlova,_topping,_fluffy_style@20250924-143314",dreamfusion-sd,0.0
"3dgcqa-4k/dreamfusion-sd/a_kite,_flying,_whimsical_style@20250815-181600",dreamfusion-sd,1.0
"3dgcqa-4k/dreamfusion-sd/a_smartwatch,_beeping,_vector_style@20250815-175742",dreamfusion-sd,0.5
"3dgcqa-4k/dreamfusion-sd/a_bowl,_shattering,_comic_book_style@20250815-104452",dreamfusion-sd,2.7
"3dgcqa-4k/dreamfusion-sd/a_brownie,_baking,_cozy_style@20250815-144044",dreamfusion-sd,2.8
"3dgcqa-4k/dreamfusion-sd/a_nail_puller,_extracting,_heavy-duty_style@20250815-162523",dreamfusion-sd,2.6
"3dgcqa-4k/dreamfusion-sd/a_astrolabe,_exploring,_navigational_style@20250815-183216",dreamfusion-sd,0.8
"3dgcqa-4k/dreamfusion-sd/a_stud_finder,_detecting,_precise_style@20250815-045144",dreamfusion-sd,1.0
"3dgcqa-4k/dreamfusion-sd/a_ginger_ale,_fizzing,_zesty_style@20250815-084813",dreamfusion-sd,0.7
"3dgcqa-4k/dreamfusion-sd/a_mustard_seed,_popping,_tangy_style@20250815-025038",dreamfusion-sd,4.4
"3dgcqa-4k/dreamfusion-sd/a_ceramic_egg,_cracking,_surprise_style@20250815-163841",dreamfusion-sd,2.2
"3dgcqa-4k/dreamfusion-sd/a_flag,_waving,_patriotic_style@20250815-025038",dreamfusion-sd,1.2
"3dgcqa-4k/dreamfusion-sd/a_digital_piano,_playing,_musical_style@20250815-103212",dreamfusion-sd,0.0
"3dgcqa-4k/dreamfusion-sd/a_model_rocket,_launching,_educational_style@20250815-124336",dreamfusion-sd,1.8
"3dgcqa-4k/dreamfusion-sd/a_LED_lamp,_illuminating,_bright_style@20250815-161412",dreamfusion-sd,0.3
"3dgcqa-4k/dreamfusion-sd/a_sash,_tying,_decorative_style@20250924-180711",dreamfusion-sd,3.4
"3dgcqa-4k/dreamfusion-sd/a_panna_cotta,_setting,_smooth_style@20250815-083739",dreamfusion-sd,1.8
"3dgcqa-4k/dreamfusion-sd/a_fidget_spinner,_spinning,_trendy_style@20250815-104708",dreamfusion-sd,0.8
"3dgcqa-4k/dreamfusion-sd/a_casserole_dish,_baking,_homely_style@20250815-025039",dreamfusion-sd,3.5
"3dgcqa-4k/dreamfusion-sd/a_basil_leaf,_crushing,_fresh_style@20250815-045204",dreamfusion-sd,4.3
"3dgcqa-4k/dreamfusion-sd/a_graphics_tablet,_drawing,_artistic_style@20250815-083927",dreamfusion-sd,1.5
"3dgcqa-4k/dreamfusion-sd/a_Persian_cat,_lounging,_regal_style@20250815-200342",dreamfusion-sd,0.4
"3dgcqa-4k/dreamfusion-sd/a_gecko,_sticking,_adhesive_style@20250815-123152",dreamfusion-sd,2.4
"3dgcqa-4k/dreamfusion-sd/a_hand_saw,_sawing,_traditional_style@20250815-143102",dreamfusion-sd,1.5
"3dgcqa-4k/dreamfusion-sd/a_lace_doily,_decorating,_delicate_style@20250815-044758",dreamfusion-sd,1.5
"3dgcqa-4k/dreamfusion-sd/a_tablecloth,_spreading,_elegant_style@20250924-190442",dreamfusion-sd,0.8
"3dgcqa-4k/dreamfusion-sd/a_stuffed_bunny,_cuddling,_kawaii_style@20250815-044737",dreamfusion-sd,0.9
"3dgcqa-4k/dreamfusion-sd/a_hot_toddy,_simmering,_warming_style@20250815-201249",dreamfusion-sd,3.5
"3dgcqa-4k/dreamfusion-sd/a_betta_fish,_fighting,_vibrant_style@20250815-044817",dreamfusion-sd,1.5
"3dgcqa-4k/dreamfusion-sd/a_brownie,_baking,_fudgy_style@20250924-143314",dreamfusion-sd,0.3
"3dgcqa-4k/dreamfusion-sd/a_wire_cutter,_snipping,_electrical_style@20250815-201616",dreamfusion-sd,3.8
"3dgcqa-4k/dreamfusion-sd/a_tart,_glazing,_glossy_style@20250815-163917",dreamfusion-sd,1.6
"3dgcqa-4k/dreamfusion-sd/a_sundial,_shadowing,_timeless_style@20250815-122933",dreamfusion-sd,1.0
"3dgcqa-4k/dreamfusion-sd/a_cupcake,_decorating,_kawaii_style@20250815-065253",dreamfusion-sd,1.6
"3dgcqa-4k/dreamfusion-sd/a_crowbar,_prying,_robust_style@20250815-083542",dreamfusion-sd,3.7
"3dgcqa-4k/dreamfusion-sd/a_hot_toddy,_warming,_cozy_style@20250815-025036",dreamfusion-sd,2.5
"3dgcqa-4k/dreamfusion-sd/a_teddy_bear,_waving,_cartoon_style@20250815-123748",dreamfusion-sd,3.5
"3dgcqa-4k/dreamfusion-sd/a_wrench,_turning,_vintage_style@20250815-063510",dreamfusion-sd,2.4
"3dgcqa-4k/dreamfusion-sd/a_oil_lamp,_lighting,_traditional_style@20250815-045230",dreamfusion-sd,0.6
"3dgcqa-4k/dreamfusion-sd/a_spanner,_tightening,_mechanical_style@20250815-220944",dreamfusion-sd,1.5
"3dgcqa-4k/dreamfusion-sd/a_ceramic_heart,_beating,_romantic_style@20250815-084912",dreamfusion-sd,3.7
"3dgcqa-4k/dreamfusion-sd/a_sledgehammer,_demolishing,_powerful_style@20250815-064109",dreamfusion-sd,1.4
"3dgcqa-4k/dreamfusion-sd/a_energy_drink,_electrifying,_high-tech_style@20250815-200700",dreamfusion-sd,2.1
"3dgcqa-4k/dreamfusion-sd/a_compass_rose,_guiding,_navigational_style@20250924-195535",dreamfusion-sd,2.0
"3dgcqa-4k/dreamfusion-sd/a_play-dough,_molding,_creative_style@20250815-182916",dreamfusion-sd,1.4
"3dgcqa-4k/dreamfusion-sd/a_churro,_frying,_cinnamon_style@20250924-162315",dreamfusion-sd,2.3
"3dgcqa-4k/dreamfusion-sd/a_smart_bulb,_lighting,_ambient_style@20250815-182507",dreamfusion-sd,3.2
"3dgcqa-4k/dreamfusion-sd/a_clay_jug,_pouring,_pastoral_style@20250815-144120",dreamfusion-sd,0.7
"3dgcqa-4k/dreamfusion-sd/a_chisel,_carving,_photorealistic_style@20250815-143700",dreamfusion-sd,1.4
"3dgcqa-4k/dreamfusion-sd/a_urn,_sealing,_classical_style@20250815-152952",dreamfusion-sd,1.5
"3dgcqa-4k/dreamfusion-sd/a_fitness_watch,_tracking,_active_style@20250815-103128",dreamfusion-sd,0.7
"3dgcqa-4k/dreamfusion-sd/a_profiterole,_filling,_creamy_style@20250815-025038",dreamfusion-sd,4.5
"3dgcqa-4k/dreamfusion-sd/a_garlic_clove,_crushing,_pungent_style@20250815-221700",dreamfusion-sd,3.5
"3dgcqa-4k/dreamfusion-sd/a_shawl,_weaving,_intricate_style@20250924-195821",dreamfusion-sd,4.6
"3dgcqa-4k/dreamfusion-sd/a_chai_latte,_foaming,_spicy_style@20250815-104140",dreamfusion-sd,0.0
"3dgcqa-4k/dreamfusion-sd/a_shield,_blocking,_steampunk_style@20250815-084838",dreamfusion-sd,0.6
"3dgcqa-4k/dreamfusion-sd/a_robot_vacuum,_cleaning,_automated_style@20250815-103724",dreamfusion-sd,2.2
"3dgcqa-4k/dreamfusion-sd/a_yoga_mat,_rolling,_zen_style@20250924-171639",dreamfusion-sd,2.1
"3dgcqa-4k/dreamfusion-sd/a_yo-yo,_looping,_classic_style@20250815-045135",dreamfusion-sd,0.5
"3dgcqa-4k/dreamfusion-sd/a_cinnamon_stick,_curling,_rustic_style@20250815-222137",dreamfusion-sd,4.4
"3dgcqa-4k/dreamfusion-sd/a_ferret,_tunneling,_curious_style@20250815-161626",dreamfusion-sd,3.9
"3dgcqa-4k/dreamfusion-sd/a_black_pepper,_milling,_strong_style@20250815-084318",dreamfusion-sd,0.5
"3dgcqa-4k/dreamfusion-sd/a_napkin,_folding,_formal_style@20250815-180956",dreamfusion-sd,3.3
"3dgcqa-4k/dreamfusion-sd/a_building_blocks,_stacking,_colorful_style@20250815-084747",dreamfusion-sd,0.7
"3dgcqa-4k/dreamfusion-sd/a_rubber_duck,_floating,_bath_time_style@20250815-045217",dreamfusion-sd,3.8
"3dgcqa-4k/dreamfusion-sd/a_cider,_pouring,_autumn_style@20250815-084504",dreamfusion-sd,0.2
"3dgcqa-4k/dreamfusion-sd/a_margarita,_rimming,_party_style@20250815-124529",dreamfusion-sd,0.4
"3dgcqa-4k/dreamfusion-sd/a_stuffed_animal,_cuddling,_plush_style@20250815-104649",dreamfusion-sd,1.7
"3dgcqa-4k/dreamfusion-sd/a_ring,_enchanting,_mystical_style@20250815-183115",dreamfusion-sd,2.0
"3dgcqa-4k/dreamfusion-sd/a_cockatoo,_screaming,_exotic_style@20250815-084835",dreamfusion-sd,4.1
"3dgcqa-4k/dreamfusion-sd/a_humidifier,_misting,_wellness_style@20250815-064356",dreamfusion-sd,0.3
"3dgcqa-4k/dreamfusion-sd/a_bay_leaf,_simmering,_aromatic_style@20250815-141815",dreamfusion-sd,1.5
"3dgcqa-4k/dreamfusion-sd/a_periscope,_peeking,_innovative_style@20250815-064505",dreamfusion-sd,0.9
"3dgcqa-4k/dreamfusion-sd/a_pitcher,_filling,_country_style@20250815-084921",dreamfusion-sd,1.7
"3dgcqa-4k/dreamfusion-sd/a_gingerbread_house,_building,_festive_style@20250815-172605",dreamfusion-sd,0.7
"3dgcqa-4k/dreamfusion-sd/a_plunger,_plunging,_household_style@20250815-195204",dreamfusion-sd,4.5
"3dgcqa-4k/dreamfusion-sd/a_flashlight,_illuminating,_functional_style@20250815-102817",dreamfusion-sd,4.0
"3dgcqa-4k/dreamfusion-sd/a_broom,_sweeping,_traditional_style@20250815-044830",dreamfusion-sd,4.2
"3dgcqa-4k/dreamfusion-sd/a_husky,_howling,_winter_style@20250815-103746",dreamfusion-sd,3.4
"3dgcqa-4k/dreamfusion-sd/a_hedgehog,_curling,_spiky_style@20250815-195835",dreamfusion-sd,3.8
"3dgcqa-4k/dreamfusion-sd/a_air_conditioner,_cooling,_summer_style@20250815-044901",dreamfusion-sd,1.0
"3dgcqa-4k/dreamfusion-sd/a_peppermint,_cooling,_refreshing_style@20250815-183308",dreamfusion-sd,4.6
"3dgcqa-4k/dreamfusion-sd/a_seltzer,_bubbling,_refreshing_style@20250815-183023",dreamfusion-sd,0.5
"3dgcqa-4k/dreamfusion-sd/a_herbal_infusion,_brewing,_natural_style@20250815-064918",dreamfusion-sd,2.0
"3dgcqa-4k/dreamfusion-sd/a_projector,_projecting,_cinematic_style@20250815-084455",dreamfusion-sd,0.5
"3dgcqa-4k/dreamfusion-sd/a_chalice,_filling,_ceremonial_style@20250815-161315",dreamfusion-sd,1.8
"3dgcqa-4k/dreamfusion-sd/a_kitten,_playing,_playful_style@20250815-163950",dreamfusion-sd,3.8
"3dgcqa-4k/dreamfusion-sd/a_iced_mocha,_blending,_sweet_style@20250815-064936",dreamfusion-sd,1.2
"3dgcqa-4k/dreamfusion-sd/a_porcelain_doll,_dressing,_delicate_style@20250924-195550",dreamfusion-sd,3.5
"3dgcqa-4k/dreamfusion-sd/a_teapot,_whistling,_line_art_style@20250815-084729",dreamfusion-sd,0.5
"3dgcqa-4k/dreamfusion-sd/a_clamp,_holding,_mechanical_style@20250815-180057",dreamfusion-sd,1.9
"3dgcqa-4k/dreamfusion-sd/a_herbal_tea,_steeping,_calming_style@20250815-215315",dreamfusion-sd,0.3
"3dgcqa-4k/dreamfusion-sd/a_safflower,_coloring,_delicate_style@20250924-171451",dreamfusion-sd,2.7
"3dgcqa-4k/dreamfusion-sd/a_kimono,_wrapping,_oriental_style@20250815-162538",dreamfusion-sd,3.9
"3dgcqa-4k/dreamfusion-sd/a_protein_shake,_mixing,_fitness_style@20250815-025036",dreamfusion-sd,1.8
"3dgcqa-4k/dreamfusion-sd/a_eclair,_glazing,_French_style@20250924-190427",dreamfusion-sd,0.0
"3dgcqa-4k/dreamfusion-sd/a_iced_tea,_cooling,_summer_style@20250815-064945",dreamfusion-sd,1.0
"3dgcqa-4k/dreamfusion-sd/a_crepe,_filling,_delicate_style@20250924-181053",dreamfusion-sd,3.3
"3dgcqa-4k/dreamfusion-sd/a_model_airplane,_constructing,_detailed_style@20250815-163157",dreamfusion-sd,0.4
"3dgcqa-4k/dreamfusion-sd/a_poncho,_draping,_bohemian_style@20250815-143933",dreamfusion-sd,4.5
"3dgcqa-4k/dreamfusion-sd/a_smart_lock,_securing,_futuristic_style@20250815-084008",dreamfusion-sd,2.5
"3dgcqa-4k/dreamfusion-sd/a_amphora,_carrying,_ancient_style@20250815-180549",dreamfusion-sd,4.0
"3dgcqa-4k/dreamfusion-sd/a_action_figure,_posing,_heroic_style@20250815-144025",dreamfusion-sd,1.2
"3dgcqa-4k/dreamfusion-sd/a_handkerchief,_waving,_rococo_style@20250815-200938",dreamfusion-sd,0.8
"3dgcqa-4k/dreamfusion-sd/a_cookie_jar,_opening,_nostalgic_style@20250815-121701",dreamfusion-sd,3.8
"3dgcqa-4k/dreamfusion-sd/a_jigsaw_puzzle,_connecting,_detailed_style@20250815-143534",dreamfusion-sd,2.6
"3dgcqa-4k/dreamfusion-sd/a_dragon_vase,_roaring,_mythical_style@20250815-045156",dreamfusion-sd,0.6
"3dgcqa-4k/dreamfusion-sd/a_treasure_chest,_unlocking,_pirate_style@20250815-103634",dreamfusion-sd,4.2
"3dgcqa-4k/dreamfusion-sd/a_doughnut,_sprinkling,_playful_style@20250815-183533",dreamfusion-sd,0.5
"3dgcqa-4k/dreamfusion-sd/a_soldering_iron,_welding,_delicate_style@20250815-044934",dreamfusion-sd,2.5
"3dgcqa-4k/dreamfusion-sd/a_ceramic_fish,_swimming,_tropical_style@20250815-025038",dreamfusion-sd,2.5
"3dgcqa-4k/dreamfusion-sd/a_soundbar,_sounding,_immersive_style@20250815-201720",dreamfusion-sd,1.6
"3dgcqa-4k/dreamfusion-sd/a_digital_camera,_capturing,_photography_style@20250815-124928",dreamfusion-sd,1.7
"3dgcqa-4k/dreamfusion-sd/a_gaming_mouse,_clicking,_responsive_style@20250815-221007",dreamfusion-sd,1.1
"3dgcqa-4k/dreamfusion-sd/a_fondue_pot,_bubbling,_convivial_style@20250815-025039",dreamfusion-sd,0.6
"3dgcqa-4k/dreamfusion-sd/a_calculator,_calculating,_educational_style@20250815-122236",dreamfusion-sd,2.0
"3dgcqa-4k/dreamfusion-sd/a_fudge,_cutting,_rich_style@20250815-104609",dreamfusion-sd,1.7
"3dgcqa-4k/dreamfusion-sd/a_puzzle_box,_solving,_intricate_style@20250815-124246",dreamfusion-sd,1.3
"3dgcqa-4k/dreamfusion-sd/a_jade_amulet,_glowing,_mystical_style@20250815-183422",dreamfusion-sd,2.1
"3dgcqa-4k/dreamfusion-sd/a_salt_shaker,_shaking,_functional_style@20250815-025038",dreamfusion-sd,1.5
"3dgcqa-4k/dreamfusion-sd/a_garden_gnome,_smiling,_whimsical_style@20250815-104838",dreamfusion-sd,3.6
"3dgcqa-4k/dreamfusion-sd/a_chocolate_bar,_breaking,_indulgent_style@20250815-155411",dreamfusion-sd,2.6
"3dgcqa-4k/dreamfusion-sd/a_scone,_buttering,_English_style@20250815-044749",dreamfusion-sd,3.4
"3dgcqa-4k/dreamfusion-sd/a_glue_gun,_bonding,_crafty_style@20250815-183017",dreamfusion-sd,4.0
"3dgcqa-4k/dreamfusion-sd/a_pillow,_fluffing,_comfortable_style@20250924-152812",dreamfusion-sd,4.2
"3dgcqa-4k/dreamfusion-sd/a_wool_sweater,_knitting,_handmade_style@20250815-071903",dreamfusion-sd,2.2
"3dgcqa-4k/dreamfusion-sd/a_clove,_scenting,_warm_style@20250815-084910",dreamfusion-sd,0.9
"3dgcqa-4k/dreamfusion-sd/a_vase,_spinning,_watercolor_style@20250815-084634",dreamfusion-sd,2.0
"3dgcqa-4k/dreamfusion-sd/a_betta_fish,_flaring,_colorful_style@20250815-142522",dreamfusion-sd,1.6
"3dgcqa-4k/dreamfusion-sd/a_peppermint_tea,_steaming,_soothing_style@20250815-104450",dreamfusion-sd,1.1
"3dgcqa-4k/dreamfusion-sd/a_fish,_swimming,_watercolor_style@20250815-045216",dreamfusion-sd,4.0
"3dgcqa-4k/dreamfusion-sd/a_fossil,_excavating,_prehistoric_style@20250815-104816",dreamfusion-sd,3.7
"3dgcqa-4k/dreamfusion-sd/a_hatchet,_chopping,_rustic_style@20250815-025037",dreamfusion-sd,1.6
"3dgcqa-4k/dreamfusion-sd/a_ancient_book,_opening,_literary_style@20250815-025038",dreamfusion-sd,2.7
"3dgcqa-4k/dreamfusion-sd/a_Sphynx_cat,_preening,_hairless_style@20250815-103455",dreamfusion-sd,2.4
"3dgcqa-4k/dreamfusion-sd/a_drone,_flying,_technical_drawing_style@20250815-213133",dreamfusion-sd,0.6
"3dgcqa-4k/dreamfusion-sd/a_milkshake,_swirling,_retro_style@20250815-065015",dreamfusion-sd,3.6
"3dgcqa-4k/dreamfusion-sd/a_anvil,_forging,_medieval_style@20250815-084656",dreamfusion-sd,0.5
"3dgcqa-4k/dreamfusion-sd/a_remote-controlled_drone,_flying,_techy_style@20250815-215727",dreamfusion-sd,0.7
"3dgcqa-4k/dreamfusion-sd/a_VR_headset,_immersing,_futuristic_style@20250815-044739",dreamfusion-sd,0.9
"3dgcqa-4k/dreamfusion-sd/a_poodle,_prancing,_stylish_style@20250815-064604",dreamfusion-sd,2.0
"3dgcqa-4k/dreamfusion-sd/a_chihuahua,_barking,_tiny_style@20250815-123053",dreamfusion-sd,3.7
"3dgcqa-4k/dreamfusion-sd/a_spirit_level,_leveling,_construction_style@20250815-045028",dreamfusion-sd,2.5
"3dgcqa-4k/dreamfusion-sd/a_koi_fish,_swimming,_ornamental_style@20250815-123239",dreamfusion-sd,2.6
"3dgcqa-4k/dreamfusion-sd/a_mallet,_pounding,_robust_style@20250815-201916",dreamfusion-sd,1.2
"3dgcqa-4k/dreamfusion-sd/a_root_beer,_foaming,_nostalgic_style@20250815-181034",dreamfusion-sd,0.5
"3dgcqa-4k/dreamfusion-sd/a_canary,_singing,_bright_style@20250815-124302",dreamfusion-sd,4.5
"3dgcqa-4k/dreamfusion-sd/a_angel_food_cake,_slicing,_airy_style@20250815-105116",dreamfusion-sd,0.3
"3dgcqa-4k/dreamfusion-sd/a_balloon,_inflating,_festive_style@20250815-202515",dreamfusion-sd,0.6
"3dgcqa-4k/dreamfusion-sd/a_puzzle_piece,_fitting,_flat_style@20250815-182020",dreamfusion-sd,1.6
"3dgcqa-4k/dreamfusion-sd/a_toy_gun,_shooting,_action-packed_style@20250815-104331",dreamfusion-sd,0.9
"3dgcqa-4k/dreamfusion-sd/a_jar,_opening,_retro_style@20250815-221107",dreamfusion-sd,0.0
"3dgcqa-4k/dreamfusion-sd/a_harpoon,_thrusting,_whaling_style@20250815-163857",dreamfusion-sd,2.4
"3dgcqa-4k/dreamfusion-sd/a_guinea_pig,_nibbling,_detailed_style@20250815-103930",dreamfusion-sd,0.5
"3dgcqa-4k/dreamfusion-sd/a_panna_cotta,_garnishing,_smooth_style@20250924-205058",dreamfusion-sd,0.5
"3dgcqa-4k/dreamfusion-sd/a_inkwell,_dipping,_classic_style@20250815-221639",dreamfusion-sd,1.8
"3dgcqa-4k/dreamfusion-sd/a_caulking_gun,_sealing,_precise_style@20250815-202445",dreamfusion-sd,1.1
"3dgcqa-4k/dreamfusion-sd/a_smartphone,_ringing,_futuristic_style@20250815-102116",dreamfusion-sd,1.1
"3dgcqa-4k/dreamfusion-sd/a_pina_colada,_chilling,_holiday_style@20250815-045055",dreamfusion-sd,3.8
"3dgcqa-4k/dreamfusion-sd/a_jug,_pouring,_rustic_style@20250924-152821",dreamfusion-sd,2.6
"3dgcqa-4k/dreamfusion-sd/a_frisbee,_flying,_outdoor_style@20250815-083339",dreamfusion-sd,0.0
"3dgcqa-4k/dreamfusion-sd/a_building_blocks,_constructing,_architectural_style@20250815-102724",dreamfusion-sd,2.9
"3dgcqa-4k/dreamfusion-sd/a_gelato,_scooping,_Italian_style@20250924-171730",dreamfusion-sd,4.5
"3dgcqa-4k/dreamfusion-sd/a_flowerpot,_planting,_garden_style@20250924-143314",dreamfusion-sd,2.0
"3dgcqa-4k/dreamfusion-sd/a_green_smoothie,_blending,_healthy_style@20250815-200200",dreamfusion-sd,2.7
"3dgcqa-4k/dreamfusion-sd/a_bonnet,_tying,_old-fashioned_style@20250815-064919",dreamfusion-sd,1.4
"3dgcqa-4k/dreamfusion-sd/a_router,_connecting,_techie_style@20250815-025036",dreamfusion-sd,2.4
"3dgcqa-4k/dreamfusion-sd/a_birdbath,_filling,_garden_style@20250924-143314",dreamfusion-sd,2.0
"3dgcqa-4k/dreamfusion-sd/a_hourglass,_measuring,_timeless_style@20250924-195920",dreamfusion-sd,3.8
"3dgcqa-4k/dreamfusion-sd/a_puppy,_wagging,_joyful_style@20250815-183422",dreamfusion-sd,3.4
"3dgcqa-4k/dreamfusion-sd/a_helmet,_glowing,_sci-fi_style@20250815-163646",dreamfusion-sd,0.0
"3dgcqa-4k/dreamfusion-sd/a_figurine,_dancing,_anime_style@20250815-202201",dreamfusion-sd,3.5
"3dgcqa-4k/dreamfusion-sd/a_cupcake,_frosting,_celebratory_style@20250924-152935",dreamfusion-sd,2.3
"3dgcqa-4k/dreamfusion-sd/a_bulldog,_drooling,_wrinkly_style@20250815-142339",dreamfusion-sd,3.4
"3dgcqa-4k/dreamfusion-sd/a_yo-yo,_spinning,_abstract_style@20250815-195407",dreamfusion-sd,2.1
"3dgcqa-4k/dreamfusion-sd/a_baklava,_layering,_Middle_Eastern_style@20250815-084718",dreamfusion-sd,0.2
"3dgcqa-4k/dreamfusion-sd/a_toy_plane,_soaring,_aviation_style@20250815-084822",dreamfusion-sd,0.5
"3dgcqa-4k/dreamfusion-sd/a_sugar_bowl,_sweetening,_vintage_style@20250924-162112",dreamfusion-sd,1.3
"3dgcqa-4k/dreamfusion-sd/a_leopard_gecko,_shedding,_patterned_style@20250815-181105",dreamfusion-sd,4.0
"3dgcqa-4k/dreamfusion-sd/a_cinnamon_stick,_simmering,_warm_style@20250924-190429",dreamfusion-sd,0.3
"3dgcqa-4k/dreamfusion-sd/a_dachshund,_burrowing,_playful_style@20250815-025038",dreamfusion-sd,3.7
"3dgcqa-4k/dreamfusion-sd/a_train_set,_assembling,_intricate_style@20250815-104356",dreamfusion-sd,4.0
"3dgcqa-4k/dreamfusion-sd/a_lyre,_strumming,_musical_style@20250815-084036",dreamfusion-sd,2.8
"3dgcqa-4k/dreamfusion-sd/a_shovel,_digging,_outdoor_style@20250815-064201",dreamfusion-sd,2.3
"3dgcqa-4k/dreamfusion-sd/a_soda_can,_fizzing,_pixel_art_style@20250815-045204",dreamfusion-sd,1.6
"3dgcqa-4k/dreamfusion-sd/a_water_bottle,_splashing,_contemporary_style@20250815-142717",dreamfusion-sd,2.7
"3dgcqa-4k/dreamfusion-sd/a_tape,_measuring,_precise_style@20250815-221427",dreamfusion-sd,3.5
"3dgcqa-4k/dreamfusion-sd/a_oregano,_drying,_Mediterranean_style@20250815-183446",dreamfusion-sd,3.7
"3dgcqa-4k/dreamfusion-sd/a_trowel,_smoothing,_masonry_style@20250815-181749",dreamfusion-sd,1.8
"3dgcqa-4k/dreamfusion-sd/a_parakeet,_chirping,_lively_style@20250815-202729",dreamfusion-sd,0.0
"3dgcqa-4k/dreamfusion-sd/a_tiramisu,_layering,_Italian_style@20250815-065119",dreamfusion-sd,1.0
"3dgcqa-4k/dreamfusion-sd/a_bunny,_nibbling,_soft_style@20250815-161936",dreamfusion-sd,2.4
"3dgcqa-4k/dreamfusion-sd/a_plunger,_unclogging,_essential_style@20250815-025038",dreamfusion-sd,0.8
"3dgcqa-4k/dreamfusion-sd/a_blender,_blending,_culinary_style@20250815-064841",dreamfusion-sd,2.8
"3dgcqa-4k/dreamfusion-sd/a_clay_tablet,_inscribing,_ancient_style@20250924-181000",dreamfusion-sd,1.4
"3dgcqa-4k/dreamfusion-sd/a_thai_iced_tea,_blending,_exotic_style@20250815-200624",dreamfusion-sd,0.6
"3dgcqa-4k/dreamfusion-sd/a_chameleon,_changing,_vibrant_style@20250815-221741",dreamfusion-sd,2.2
"3dgcqa-4k/dreamfusion-sd/a_crown,_shining,_fantasy_style@20250815-104859",dreamfusion-sd,4.0
"3dgcqa-4k/dreamfusion-sd/a_hot_chocolate,_steaming,_digital_art_style@20250815-162330",dreamfusion-sd,0.2
"3dgcqa-4k/dreamfusion-sd/a_turmeric_root,_grounding,_vibrant_style@20250815-162914",dreamfusion-sd,4.5
"3dgcqa-4k/dreamfusion-sd/a_coffee_cup,_steaming,_watercolor_style@20250815-025038",dreamfusion-sd,1.7
"3dgcqa-4k/dreamfusion-sd/a_rocking_horse,_rocking,_nostalgic_style@20250815-104451",dreamfusion-sd,3.8
"3dgcqa-4k/dreamfusion-sd/a_hedge_trimmer,_trimming,_garden_style@20250815-044729",dreamfusion-sd,1.3
"3dgcqa-4k/dreamfusion-sd/a_smartwatch,_notifying,_sleek_style@20250815-064105",dreamfusion-sd,1.2
"3dgcqa-4k/dreamfusion-sd/a_toy_soldier,_marching,_military_style@20250815-143649",dreamfusion-sd,2.1
"3dgcqa-4k/dreamfusion-sd/a_guinea_pig,_squeaking,_cuddly_style@20250815-142705",dreamfusion-sd,2.9
"3dgcqa-4k/dreamfusion-sd/a_beach_ball,_bouncing,_holiday_style@20250815-123935",dreamfusion-sd,2.2
"3dgcqa-4k/dreamfusion-sd/a_video_doorbell,_monitoring,_smart_style@20250815-064846",dreamfusion-sd,0.3
"3dgcqa-4k/dreamfusion-sd/a_Bluetooth_speaker,_blasting,_portable_style@20250815-141759",dreamfusion-sd,2.8
"3dgcqa-4k/dreamfusion-sd/a_nutmeg,_grating,_spiced_style@20250924-195906",dreamfusion-sd,2.0
"3dgcqa-4k/dreamfusion-sd/a_jackhammer,_breaking,_urban_style@20250815-141230",dreamfusion-sd,0.5
"3dgcqa-4k/dreamfusion-sd/a_curry_leaf,_sizzling,_Indian_style@20250815-063933",dreamfusion-sd,3.6
"3dgcqa-4k/dreamfusion-sd/a_brooch,_clasping,_ornate_style@20250815-045044",dreamfusion-sd,0.5
"3dgcqa-4k/dreamfusion-sd/a_vice,_gripping,_workshop_style@20250815-025038",dreamfusion-sd,3.6
"3dgcqa-4k/dreamfusion-sd/a_ceramic_bunny,_hopping,_cute_style@20250815-065110",dreamfusion-sd,3.9
"3dgcqa-4k/dreamfusion-sd/a_helmet,_wearing,_protective_style@20250924-171526",dreamfusion-sd,1.6
"3dgcqa-4k/dreamfusion-sd/a_border_collie,_herding,_intelligent_style@20250815-103847",dreamfusion-sd,1.1
"3dgcqa-4k/dreamfusion-sd/a_stocking,_hanging,_festive_style@20250815-124337",dreamfusion-sd,3.0
"3dgcqa-4k/dreamfusion-sd/a_gelatin,_setting,_jiggly_style@20250815-085148",dreamfusion-sd,1.8
"3dgcqa-4k/dreamfusion-sd/a_cappuccino,_frothing,_Italian_style@20250815-215656",dreamfusion-sd,1.9
"3dgcqa-4k/dreamfusion-sd/a_sandal,_wearing,_ancient_style@20250924-190217",dreamfusion-sd,0.9
"3dgcqa-4k/dreamfusion-sd/a_angle_grinder,_grinding,_industrial_style@20250815-220055",dreamfusion-sd,2.0
"3dgcqa-4k/dreamfusion-sd/a_GPS_device,_navigating,_modern_style@20250815-214141",dreamfusion-sd,0.4
"3dgcqa-4k/dreamfusion-sd/a_saffron_thread,_blooming,_exotic_style@20250815-065104",dreamfusion-sd,0.9
"3dgcqa-4k/dreamfusion-sd/a_cookie,_crumbling,_doodle_style@20250815-104748",dreamfusion-sd,4.4
"3dgcqa-4k/dreamfusion-sd/a_silk_ribbon,_fluttering,_elegant_style@20250815-170116",dreamfusion-sd,0.5
"3dgcqa-4k/dreamfusion-sd/a_sundae,_melting,_neon_style@20250815-085047",dreamfusion-sd,3.2
"3dgcqa-4k/dreamfusion-sd/a_mint_leaf,_muddling,_refreshing_style@20250815-182216",dreamfusion-sd,4.3
"3dgcqa-4k/dreamfusion-sd/a_matcha_tea,_whisking,_zen_style@20250815-181331",dreamfusion-sd,0.8
"3dgcqa-4k/dreamfusion-sd/a_dog,_barking,_comic_style@20250815-210802",dreamfusion-sd,1.3
"3dgcqa-4k/dreamfusion-sd/a_bolt_cutter,_cutting,_forceful_style@20250815-124140",dreamfusion-sd,0.5
"3dgcqa-4k/dreamfusion-sd/a_file,_smoothing,_industrial_style@20250815-160535",dreamfusion-sd,0.0
"3dgcqa-4k/dreamfusion-sd/a_pottery_shard,_reflecting,_ancient_style@20250815-124445",dreamfusion-sd,2.6
"3dgcqa-4k/dreamfusion-sd/a_monocle,_focusing,_vintage_style@20250815-103513",dreamfusion-sd,1.7
"3dgcqa-4k/dreamfusion-sd/a_ball,_bouncing,_surreal_style@20250815-211921",dreamfusion-sd,1.3
"3dgcqa-4k/dreamfusion-sd/a_lego_set,_building,_creative_style@20250815-064821",dreamfusion-sd,2.6
"3dgcqa-4k/dreamfusion-sd/a_budgie,_flying,_colorful_style@20250815-214633",dreamfusion-sd,0.0
"3dgcqa-4k/dreamfusion-sd/a_dollhouse,_decorating,_miniature_style@20250815-124043",dreamfusion-sd,0.5
"3dgcqa-4k/dreamfusion-sd/a_chess_set,_strategizing,_classic_style@20250815-182552",dreamfusion-sd,4.0
"3dgcqa-4k/dreamfusion-sd/a_goblet,_drinking,_medieval_style@20250924-152731",dreamfusion-sd,3.2
"3dgcqa-4k/dreamfusion-sd/a_beanie,_knitting,_urban_style@20250815-104749",dreamfusion-sd,1.3
"3dgcqa-4k/dreamfusion-sd/a_juniper_berry,_infusing,_gin_style@20250815-144514",dreamfusion-sd,4.0
"3dgcqa-4k/dreamfusion-sd/a_game_console,_gaming,_entertainment_style@20250815-064637",dreamfusion-sd,3.3
"3dgcqa-4k/dreamfusion-sd/a_VR_headset,_immersing,_artistic_style@20250815-025036",dreamfusion-sd,1.1
"3dgcqa-4k/dreamfusion-sd/a_siamese_cat,_stalking,_sleek_style@20250815-064756",dreamfusion-sd,3.8
"3dgcqa-4k/dreamfusion-sd/a_chive,_chopping,_garnish_style@20250924-180746",dreamfusion-sd,1.0
"3dgcqa-4k/dreamfusion-sd/a_tile,_cracking,_graffiti_style@20250815-025038",dreamfusion-sd,1.2
"3dgcqa-4k/dreamfusion-sd/a_speaker,_blasting,_neon_style@20250815-195907",dreamfusion-sd,3.3
"3dgcqa-4k/dreamfusion-sd/a_dwarf_hamster,_scurrying,_tiny_style@20250815-123053",dreamfusion-sd,1.5
"3dgcqa-4k/dreamfusion-sd/a_mortar_and_pestle,_grinding,_essential_style@20250924-162150",dreamfusion-sd,1.7
"3dgcqa-4k/dreamfusion-sd/a_e-reader,_displaying,_minimalistic_style@20250815-141547",dreamfusion-sd,0.0
"3dgcqa-4k/dreamfusion-sd/a_chamomile_tea,_steeping,_calming_style@20250815-045124",dreamfusion-sd,1.5
"3dgcqa-4k/dreamfusion-sd/a_hamster,_running,_cute_style@20250815-045040",dreamfusion-sd,1.1
"3dgcqa-4k/dreamfusion-sd/a_doormat,_wiping,welcome_style@20250924-181034",dreamfusion-sd,2.0
"3dgcqa-4k/dreamfusion-sd/a_fruit_bowl,_filling,_colorful_style@20250924-152828",dreamfusion-sd,4.0
"3dgcqa-4k/dreamfusion-sd/a_spinning_top,_spinning,_kinetic_style@20250815-143705",dreamfusion-sd,3.5
"3dgcqa-4k/dreamfusion-sd/a_toy_car,_zooming,_comic_style@20250815-143241",dreamfusion-sd,1.3
"3dgcqa-4k/dreamfusion-sd/a_ancient_key,_turning,_mysterious_style@20250815-121525",dreamfusion-sd,2.8
"3dgcqa-4k/dreamfusion-sd/a_waffle,_topping,_Belgian_style@20250815-163631",dreamfusion-sd,1.2
"3dgcqa-4k/dreamfusion-sd/a_rune_stone,_reading,_Viking_style@20250815-124531",dreamfusion-sd,0.5
"3dgcqa-4k/hifa/a_vanilla_bean,_splitting,_aromatic_style@20250815-021217",hifa,2.7
"3dgcqa-4k/hifa/a_smart_lock,_securing,_futuristic_style@20250812-141500",hifa,1.7
"3dgcqa-4k/hifa/a_ratchet,_ratcheting,_efficient_style@20250812-040748",hifa,2.8
"3dgcqa-4k/hifa/a_pavlova,_topping,_fluffy_style@20250814-203335",hifa,0.5
"3dgcqa-4k/hifa/a_biscotti,_dipping,_crunchy_style@20250814-113548",hifa,4.0
"3dgcqa-4k/hifa/a_beanie,_knitting,_urban_style@20250813-235552",hifa,1.8
"3dgcqa-4k/hifa/a_pliers,_gripping,_rough_sketch_style@20250812-024101",hifa,0.5
"3dgcqa-4k/hifa/a_tablecloth,_spreading,_elegant_style@20250922-021805",hifa,1.4
"3dgcqa-4k/hifa/a_sundae,_melting,_neon_style@20250814-160816",hifa,1.0
"3dgcqa-4k/hifa/a_building_blocks,_constructing,_architectural_style@20250811-134900",hifa,2.3
"3dgcqa-4k/hifa/a_plush_toy,_hugging,_soft_style@20250812-005546",hifa,4.0
"3dgcqa-4k/hifa/a_cold_brew,_dripping,_iced_style@20250811-101110",hifa,2.0
"3dgcqa-4k/hifa/a_pudding,_wobbling,_jiggly_style@20250814-142328",hifa,1.3
"3dgcqa-4k/hifa/a_quill,_writing,_classical_style@20250813-181140",hifa,2.7
"3dgcqa-4k/hifa/a_level,_balancing,_steampunk_style@20250811-230205",hifa,3.8
"3dgcqa-4k/hifa/a_microwave,_heating,_kitchen_style@20250812-132003",hifa,2.1
"3dgcqa-4k/hifa/a_garden_gnome,_smiling,_whimsical_style@20250921-224710",hifa,2.1
"3dgcqa-4k/hifa/a_urn,_sealing,_classical_style@20250813-110551",hifa,2.5
"3dgcqa-4k/hifa/a_mosaic_tile,_fitting,_intricate_style@20250813-055124",hifa,1.1
"3dgcqa-4k/hifa/a_jigsaw_puzzle,_connecting,_detailed_style@20250811-133027",hifa,4.5
"3dgcqa-4k/hifa/a_puzzle_piece,_fitting,_flat_style@20250921-231607",hifa,4.0
"3dgcqa-4k/hifa/a_coriander_leaf,_garnishing,_vibrant_style@20250815-032808",hifa,3.6
"3dgcqa-4k/hifa/a_sword,_clashing,_medieval_style@20250922-063703",hifa,3.5
"3dgcqa-4k/hifa/a_puzzle_box,_solving,_intricate_style@20250811-181150",hifa,1.7
"3dgcqa-4k/hifa/a_canary,_singing,_bright_style@20250813-045718",hifa,4.3
"3dgcqa-4k/hifa/a_tabby_cat,_lounging,_relaxed_style@20250812-214049",hifa,4.3
"3dgcqa-4k/hifa/a_macaron,_stacking,_chic_style@20250922-032449",hifa,1.8
"3dgcqa-4k/hifa/a_chili_pepper,_sizzling,_hot_style@20250815-060536",hifa,2.1
"3dgcqa-4k/hifa/a_vase,_spinning,_watercolor_style@20250813-064828",hifa,2.1
"3dgcqa-4k/hifa/a_parakeet,_chirping,_lively_style@20250813-012126",hifa,4.0
"3dgcqa-4k/hifa/a_sorbet,_freezing,_refreshing_style@20250814-114701",hifa,2.7
"3dgcqa-4k/hifa/a_canary,_singing,_melodic_style@20250812-145339",hifa,1.1
"3dgcqa-4k/hifa/a_blender,_blending,_culinary_style@20250812-084829",hifa,1.0
"3dgcqa-4k/hifa/a_turmeric_root,_grinding,_vibrant_style@20250815-075913",hifa,4.5
"3dgcqa-4k/hifa/a_doormat,_wiping,welcome_style@20250814-093559",hifa,1.2
"3dgcqa-4k/hifa/a_corgi,_running,_energetic_style@20250812-235516",hifa,1.5
"3dgcqa-4k/hifa/a_piglet,_snorting,_adorable_style@20250812-192421",hifa,2.7
"3dgcqa-4k/hifa/a_juice,_squeezing,_fresh_style@20250922-011206",hifa,1.9
"3dgcqa-4k/hifa/a_mousse,_whipping,_airy_style@20250922-081204",hifa,0.4
"3dgcqa-4k/hifa/a_pottery_wheel,_turning,_rustic_style@20250813-055321",hifa,1.1
"3dgcqa-4k/hifa/a_cortado,_sipping,_balanced_style@20250811-114926",hifa,4.1
"3dgcqa-4k/hifa/a_crowbar,_prying,_robust_style@20250811-212006",hifa,4.0
"3dgcqa-4k/hifa/a_teacup,_sipping,_elegant_style@20250813-091224",hifa,4.3
"3dgcqa-4k/hifa/a_stocking,_hanging,_festive_style@20250814-070139",hifa,1.0
"3dgcqa-4k/hifa/a_chisel,_carving,_photorealistic_style@20250812-080100",hifa,4.0
"3dgcqa-4k/hifa/a_wasabi_root,_grating,_Japanese_style@20250815-074101",hifa,3.7
"3dgcqa-4k/hifa/a_mint_leaf,_muddling,_refreshing_style@20250922-075536",hifa,4.4
"3dgcqa-4k/hifa/a_poncho,_draping,_bohemian_style@20250813-214909",hifa,2.9
"3dgcqa-4k/hifa/a_ankh,_holding,_symbolic_style@20250813-153232",hifa,1.9
"3dgcqa-4k/hifa/a_dress,_twirling,_art_deco_style@20250922-000933",hifa,4.4
"3dgcqa-4k/hifa/a_statue,_crumbling,_classical_style@20250813-160144",hifa,1.1
"3dgcqa-4k/hifa/a_teddy_bear,_waving,_cartoon_style@20250811-194800",hifa,1.6
"3dgcqa-4k/hifa/a_GPS_device,_navigating,_modern_style@20250812-110924",hifa,3.3
"3dgcqa-4k/hifa/a_puppy,_wagging,_joyful_style@20250812-190119",hifa,4.1
"3dgcqa-4k/hifa/a_action_figure,_posing,_superhero_style@20250811-144816",hifa,2.5
"3dgcqa-4k/hifa/a_handbag,_accessorizing,_stylish_style@20250813-213802",hifa,0.8
"3dgcqa-4k/hifa/a_paprika_dust,_sprinkling,_bold_style@20250815-055950",hifa,4.5
"3dgcqa-4k/hifa/a_root_beer,_foaming,_nostalgic_style@20250811-120143",hifa,2.8
"3dgcqa-4k/hifa/a_cheesecake,_slicing,_decadent_style@20250814-084331",hifa,2.7
"3dgcqa-4k/hifa/a_sandpaper,_sanding,_smooth_style@20250812-082056",hifa,1.3
"3dgcqa-4k/hifa/a_ladder,_climbing,_high-reaching_style@20250812-083522",hifa,2.8
"3dgcqa-4k/hifa/a_robe,_draping,_luxurious_style@20250922-062809",hifa,3.6
"3dgcqa-4k/hifa/a_chai_latte,_foaming,_spicy_style@20250811-034731",hifa,2.9
"3dgcqa-4k/hifa/a_siamese_fighting_fish,_swimming,_exotic_style@20250812-201036",hifa,4.6
"3dgcqa-4k/hifa/a_betta_fish,_flaring,_colorful_style@20250812-162838",hifa,2.4
"3dgcqa-4k/hifa/a_budgie,_flying,_colorful_style@20250813-014946",hifa,3.2
"3dgcqa-4k/hifa/a_pie,_steaming,_homestyle@20250922-014530",hifa,1.6
"3dgcqa-4k/hifa/a_scarf,_fluttering,_boho_style@20250921-215800",hifa,2.5
"3dgcqa-4k/hifa/a_turban,_wrapping,_traditional_style@20250813-234555",hifa,1.7
"3dgcqa-4k/hifa/a_scone,_buttering,_English_style@20250814-215809",hifa,2.1
"3dgcqa-4k/hifa/a_smartwatch,_beeping,_vector_style@20250812-190840",hifa,2.3
"3dgcqa-4k/hifa/a_clove,_scenting,_warm_style@20250922-061831",hifa,4.4
"3dgcqa-4k/hifa/a_plate,_spinning,_minimalist_style@20250922-033320",hifa,1.5
"3dgcqa-4k/hifa/a_stud_finder,_detecting,_precise_style@20250812-021223",hifa,2.0
"3dgcqa-4k/hifa/a_rosemary_sprig,_roasting,_earthy_style@20250815-010944",hifa,2.8
"3dgcqa-4k/hifa/a_pottery_shard,_reflecting,_ancient_style@20250813-102418",hifa,4.7
"3dgcqa-4k/hifa/a_e-reader,_displaying,_minimalistic_style@20250922-035050",hifa,0.1
"3dgcqa-4k/hifa/a_oil_lamp,_lighting,_traditional_style@20250813-025940",hifa,4.0
"3dgcqa-4k/hifa/a_dragon_egg,_hatching,_fantasy_style@20250813-120943",hifa,2.1
"3dgcqa-4k/hifa/a_toy_plane,_soaring,_aviation_style@20250811-132905",hifa,1.3
"3dgcqa-4k/hifa/a_toy_gun,_shooting,_action-packed_style@20250811-145259",hifa,3.9
"3dgcqa-4k/hifa/a_bicycle,_cycling,_adventure_style@20250922-063154",hifa,3.0
"3dgcqa-4k/hifa/a_quilt,_patching,_cozy_style@20250813-233041",hifa,0.9
"3dgcqa-4k/hifa/a_horseradish,_shredding,_pungent_style@20250814-191339",hifa,3.6
"3dgcqa-4k/hifa/a_ancient_key,_turning,_mysterious_style@20250922-014123",hifa,1.2
"3dgcqa-4k/hifa/a_robot,_walking,_sci-fi_style@20250811-165507",hifa,4.7
"3dgcqa-4k/hifa/a_blocks,_stacking,_Bauhaus_style@20250811-210903",hifa,2.4
"3dgcqa-4k/hifa/a_protein_shake,_mixing,_fitness_style@20250811-181141",hifa,0.8
"3dgcqa-4k/hifa/a_goldfish,_floating,_serene_style@20250812-203512",hifa,3.5
"3dgcqa-4k/hifa/a_salt_shaker,_shaking,_functional_style@20250813-120922",hifa,0.7
"3dgcqa-4k/hifa/a_bowl,_shattering,_comic_book_style@20250813-101626",hifa,2.3
"3dgcqa-4k/hifa/a_coffee_cup,_steaming,_watercolor_style@20250921-215800",hifa,2.5
"3dgcqa-4k/hifa/a_glue_gun,_bonding,_crafty_style@20250812-060312",hifa,3.9
"3dgcqa-4k/hifa/a_spirit_level,_leveling,_construction_style@20250921-235918",hifa,2.1
"3dgcqa-4k/hifa/a_safflower,_coloring,_delicate_style@20250922-080812",hifa,2.0
"3dgcqa-4k/hifa/a_porcelain_doll,_dressing,_delicate_style@20250813-082242",hifa,2.4
"3dgcqa-4k/hifa/a_doll,_dancing,_anime_style@20250811-153238",hifa,3.8
"3dgcqa-4k/hifa/a_play-dough,_molding,_creative_style@20250921-223247",hifa,1.8
"3dgcqa-4k/hifa/a_turmeric_latte,_mixing,_golden_style@20250811-064016",hifa,1.5
"3dgcqa-4k/hifa/a_handwoven_blanket,_comforting,_cozy_style@20250814-011729",hifa,2.7
"3dgcqa-4k/hifa/a_cumin_seed,_toasting,_earthy_style@20250815-051126",hifa,0.6
"3dgcqa-4k/hifa/a_nutmeg,_grating,_spiced_style@20250815-022315",hifa,2.9
"3dgcqa-4k/hifa/a_clay_tablet,_inscribing,_ancient_style@20250813-213213",hifa,2.3
"3dgcqa-4k/hifa/a_kitten,_playing,_playful_style@20250812-234804",hifa,4.3
"3dgcqa-4k/hifa/a_velvet_cushion,_softening,_plush_style@20250813-213030",hifa,0.7
"3dgcqa-4k/hifa/a_black_pepper,_milling,_strong_style@20250815-070839",hifa,3.8
"3dgcqa-4k/hifa/a_hedge_trimmer,_trimming,_garden_style@20250922-022245",hifa,0.4
"3dgcqa-4k/hifa/a_ring,_enchanting,_mystical_style@20250922-071120",hifa,1.2
"3dgcqa-4k/hifa/a_vodka_tonic,_mixing,_night_out_style@20250811-081326",hifa,3.7
"3dgcqa-4k/hifa/a_hourglass,_measuring,_timeless_style@20250813-214938",hifa,0.7
"3dgcqa-4k/hifa/a_pitcher,_filling,_country_style@20250812-233808",hifa,0.7
"3dgcqa-4k/hifa/a_denim_jacket,_fraying,_edgy_style@20250814-063719",hifa,3.2
"3dgcqa-4k/hifa/a_roman_coin,_flipping,_historical_style@20250813-162955",hifa,0.5
"3dgcqa-4k/hifa/a_smartwatch,_notifying,_sleek_style@20250812-130347",hifa,2.0
"3dgcqa-4k/hifa/a_sandal,_wearing,_ancient_style@20250813-202659",hifa,2.7
"3dgcqa-4k/hifa/a_ferret,_exploring,_playful_style@20250922-062315",hifa,3.8
"3dgcqa-4k/hifa/a_cardamom_pod,_bursting,_fragrant_style@20250814-234725",hifa,4.5
"3dgcqa-4k/hifa/a_hot_toddy,_simmering,_warming_style@20250811-064217",hifa,1.5
"3dgcqa-4k/hifa/a_curry_leaf,_sizzling,_Indian_style@20250814-210901",hifa,0.6
"3dgcqa-4k/hifa/a_cappuccino,_frothing,_Italian_style@20250922-035549",hifa,2.6
"3dgcqa-4k/hifa/a_garden_fork,_turning,_horticultural_style@20250812-064349",hifa,2.6
"3dgcqa-4k/hifa/a_milkshake,_swirling,_retro_style@20250811-120349",hifa,2.1
"3dgcqa-4k/hifa/a_model_airplane,_constructing,_detailed_style@20250811-212356",hifa,3.9
"3dgcqa-4k/hifa/a_koi_fish,_swimming,_ornamental_style@20250813-035636",hifa,3.8
"3dgcqa-4k/hifa/a_guinea_pig,_squeaking,_cuddly_style@20250812-230429",hifa,1.9
"3dgcqa-4k/hifa/a_brownie,_baking,_cozy_style@20250922-040206",hifa,0.8
"3dgcqa-4k/hifa/a_truffle,_coating,_decadent_style@20250814-184837",hifa,4.5
"3dgcqa-4k/hifa/a_quilt,_patching,_folk_art_style@20250921-224718",hifa,2.5
"3dgcqa-4k/hifa/a_toy_boat,_sailing,_maritime_style@20250811-170205",hifa,0.5
"3dgcqa-4k/hifa/a_basil_leaf,_crushing,_fresh_style@20250815-021126",hifa,4.7
"3dgcqa-4k/hifa/a_handkerchief,_waving,_rococo_style@20250922-004500",hifa,1.8
"3dgcqa-4k/hifa/a_inkwell,_dipping,_classic_style@20250813-102152",hifa,1.1
"3dgcqa-4k/hifa/a_frisbee,_flying,_outdoor_style@20250811-165326",hifa,2.1
"3dgcqa-4k/hifa/a_cupcake,_frosting,_celebratory_style@20250814-143722",hifa,4.2
"3dgcqa-4k/hifa/a_gelato,_scooping,_creamy_style@20250814-052506",hifa,2.2
"3dgcqa-4k/hifa/a_goldfish,_swimming,_peaceful_style@20250813-001647",hifa,2.0
"3dgcqa-4k/hifa/a_bolt_cutter,_cutting,_forceful_style@20250812-064301",hifa,4.1
"3dgcqa-4k/hifa/a_fudge,_cutting,_rich_style@20250922-055022",hifa,0.5
"3dgcqa-4k/hifa/a_robot_vacuum,_cleaning,_automated_style@20250812-163516",hifa,2.6
"3dgcqa-4k/hifa/a_birdbath,_filling,_garden_style@20250815-054553",hifa,5.0
"3dgcqa-4k/hifa/a_flowerpot,_planting,_garden_style@20250813-115353",hifa,4.5
"3dgcqa-4k/hifa/a_cupcake,_decorating,_kawaii_style@20250815-002844",hifa,4.5
"3dgcqa-4k/hifa/a_model_rocket,_launching,_educational_style@20250811-230942",hifa,4.7
"3dgcqa-4k/hifa/a_periscope,_peeking,_innovative_style@20250921-215800",hifa,0.6
"3dgcqa-4k/hifa/a_bearded_dragon,_basking,_reptilian_style@20250922-053249",hifa,1.3
"3dgcqa-4k/hifa/a_Maine_Coon,_grooming,_fluffy_style@20250922-061521",hifa,2.4
"3dgcqa-4k/hifa/a_butter_dish,_spreading,_classic_style@20250815-031806",hifa,0.0
"3dgcqa-4k/hifa/a_dagger,_slicing,_heroic_style@20250813-183830",hifa,4.3
"3dgcqa-4k/hifa/a_spade,_digging,_garden_style@20250812-040522",hifa,2.1
"3dgcqa-4k/hifa/a_horse,_galloping,_fantasy_style@20250813-010713",hifa,3.8
"3dgcqa-4k/hifa/a_lace_doily,_decorating,_delicate_style@20250814-031209",hifa,0.4
"3dgcqa-4k/hifa/a_kimono,_wrapping,_oriental_style@20250814-013505",hifa,1.6
"3dgcqa-4k/hifa/a_chili_powder,_spicing,_fiery_style@20250814-221205",hifa,4.0
"3dgcqa-4k/hifa/a_cocktail,_shaking,_cubist_style@20250811-034731",hifa,0.0
"3dgcqa-4k/hifa/a_juniper_berry,_infusing,_gin_style@20250815-000638",hifa,4.2
"3dgcqa-4k/hifa/a_tureen,_serving,_grand_style@20250813-062240",hifa,3.0
"3dgcqa-4k/hifa/a_wrench,_turning,_vintage_style@20250921-235052",hifa,5.0
"3dgcqa-4k/hifa/a_drone,_flying,_high-tech_style@20250812-154438",hifa,2.1
"3dgcqa-4k/hifa/a_compass,_pointing,_adventure_style@20250813-193547",hifa,2.2
"3dgcqa-4k/hifa/a_rubber_duck,_floating,_bath_time_style@20250811-220450",hifa,2.7
"3dgcqa-4k/hifa/a_amphora,_carrying,_ancient_style@20250813-133316",hifa,3.6
"3dgcqa-4k/hifa/a_fossil,_excavating,_prehistoric_style@20250813-175759",hifa,1.8
"3dgcqa-4k/hifa/a_flag,_waving,_patriotic_style@20250814-150233",hifa,2.6
"3dgcqa-4k/hifa/a_Sphynx_cat,_preening,_hairless_style@20250813-011932",hifa,2.4
"3dgcqa-4k/hifa/a_smoothie_bowl,_blending,_vibrant_style@20250811-064015",hifa,1.1
"3dgcqa-4k/hifa/a_decorative_plate,_displaying,_ornamental_style@20250813-063037",hifa,0.3
"3dgcqa-4k/hifa/a_angel_food_cake,_slicing,_airy_style@20250814-233437",hifa,2.7
"3dgcqa-4k/hifa/a_pina_colada,_chilling,_holiday_style@20250811-034732",hifa,0.6
"3dgcqa-4k/hifa/a_instant_pot,_cooking,_modern_style@20250812-112425",hifa,0.3
"3dgcqa-4k/hifa/a_chariot_wheel,_rolling,_epic_style@20250922-000712",hifa,3.6
"3dgcqa-4k/hifa/a_Persian_cat,_lounging,_regal_style@20250812-171343",hifa,4.2
"3dgcqa-4k/hifa/a_flashlight,_illuminating,_functional_style@20250812-052128",hifa,3.2
"3dgcqa-4k/hifa/a_red_wine,_breathing,_elegant_style@20250811-105711",hifa,1.1
"3dgcqa-4k/hifa/a_television,_broadcasting,_retro_style@20250922-002556",hifa,1.1
"3dgcqa-4k/hifa/a_hatchet,_chopping,_rustic_style@20250812-003551",hifa,0.8
"3dgcqa-4k/hifa/a_washbasin,_filling,_rustic_style@20250813-085841",hifa,4.0
"3dgcqa-4k/hifa/a_astrolabe,_exploring,_navigational_style@20250813-172218",hifa,2.9
"3dgcqa-4k/hifa/a_trifle,_layering,_festive_style@20250814-105656",hifa,3.5
"3dgcqa-4k/hifa/a_beagle,_sniffing,_active_style@20250812-170511",hifa,0.8
"3dgcqa-4k/hifa/a_remote-controlled_drone,_flying,_techy_style@20250811-183545",hifa,3.2
"3dgcqa-4k/hifa/a_file,_smoothing,_industrial_style@20250922-052834",hifa,2.6
"3dgcqa-4k/hifa/a_pillow,_fluffing,_comfortable_style@20250922-003935",hifa,3.6
"3dgcqa-4k/hifa/a_iced_mocha,_blending,_sweet_style@20250922-081738",hifa,1.2
"3dgcqa-4k/hifa/a_balloon,_inflating,_festive_style@20250813-202814",hifa,4.5
"3dgcqa-4k/hifa/a_fidget_spinner,_spinning,_trendy_style@20250811-203736",hifa,2.7
"3dgcqa-4k/hifa/a_fruit_tart,_arranging,_colorful_style@20250814-183433",hifa,1.4
"3dgcqa-4k/hifa/a_ceramic_fish,_swimming,_tropical_style@20250921-215801",hifa,3.9
"3dgcqa-4k/hifa/a_fruit_bowl,_filling,_colorful_style@20250922-045636",hifa,3.7
"3dgcqa-4k/hifa/a_caulking_gun,_sealing,_precise_style@20250812-070803",hifa,3.5
"3dgcqa-4k/hifa/a_doorbell_camera,_watching,_security_style@20250922-043206",hifa,2.9
"3dgcqa-4k/hifa/a_parfait,_layering,_sleek_style@20250815-034143",hifa,0.2
"3dgcqa-4k/hifa/a_iced_tea,_cooling,_summer_style@20250811-064215",hifa,3.1
"3dgcqa-4k/hifa/a_rocking_horse,_rocking,_nostalgic_style@20250811-195603",hifa,0.7
"3dgcqa-4k/hifa/a_ceramic_bunny,_hopping,_cute_style@20250813-103723",hifa,4.0
"3dgcqa-4k/hifa/a_sweater_vest,_layering,_preppy_style@20250814-021738",hifa,3.8
"3dgcqa-4k/hifa/a_printer,_printing,_monochrome_style@20250812-105255",hifa,3.6
"3dgcqa-4k/hifa/a_pie,_slicing,_homemade_style@20250922-071315",hifa,0.1
"3dgcqa-4k/hifa/a_peppermint_tea,_steaming,_soothing_style@20250811-125259",hifa,2.1
"3dgcqa-4k/hifa/a_sculpture,_glowing,_surreal_style@20250813-065010",hifa,1.3
"3dgcqa-4k/hifa/a_train,_chugging,_illustrative_style@20250811-194940",hifa,3.0
"3dgcqa-4k/hifa/a_gelatin,_setting,_jiggly_style@20250814-194641",hifa,2.6
"3dgcqa-4k/hifa/a_toy_soldier,_marching,_military_style@20250811-214438",hifa,1.7
"3dgcqa-4k/hifa/a_energy_drink,_electrifying,_high-tech_style@20250811-092147",hifa,2.0
"3dgcqa-4k/hifa/a_crepe,_filling,_delicate_style@20250814-174722",hifa,1.4
"3dgcqa-4k/hifa/a_betta_fish,_fighting,_vibrant_style@20250812-191017",hifa,0.4
"3dgcqa-4k/hifa/a_cashmere_scarf,_wrapping,_luxurious_style@20250814-042653",hifa,0.2
"3dgcqa-4k/hifa/a_samurai_sword,_unsheathing,_warrior_style@20250813-124258",hifa,2.7
"3dgcqa-4k/hifa/a_tiramisu,_layering,_Italian_style@20250922-014639",hifa,4.5
"3dgcqa-4k/hifa/a_cummerbund,_adjusting,_formal_style@20250922-000942",hifa,2.4
"3dgcqa-4k/hifa/a_action_camera,_recording,_rugged_style@20250922-074833",hifa,1.7
"3dgcqa-4k/hifa/a_guinea_pig,_nibbling,_detailed_style@20250812-183209",hifa,2.1
"3dgcqa-4k/hifa/a_saffron_thread,_steeping,_luxurious_style@20250922-034418",hifa,1.0
"3dgcqa-4k/hifa/a_medallion,_shining,_ornate_style@20250813-114907",hifa,0.3
"3dgcqa-4k/hifa/a_tapestry,_embroidering,_detailed_style@20250922-085506",hifa,0.0
"3dgcqa-4k/hifa/a_rug,_unraveling,_tribal_style@20250814-101919",hifa,2.7
"3dgcqa-4k/hifa/a_poodle,_prancing,_stylish_style@20250921-234340",hifa,4.4
"3dgcqa-4k/hifa/a_graphics_tablet,_drawing,_artistic_style@20250922-003819",hifa,1.2
"3dgcqa-4k/hifa/a_fish,_swimming,_watercolor_style@20250812-223051",hifa,3.8
"3dgcqa-4k/hifa/a_kite,_flying,_whimsical_style@20250811-183523",hifa,4.6
"3dgcqa-4k/hifa/a_hedgehog,_curling,_spiky_style@20250813-030516",hifa,1.6
"3dgcqa-4k/hifa/a_wind-up_toy,_moving,_mechanical_style@20250811-192803",hifa,0.9
"3dgcqa-4k/hifa/a_anvil,_forging,_medieval_style@20250812-002338",hifa,2.3
"3dgcqa-4k/hifa/a_tapestry,_weaving,_historical_style@20250813-171711",hifa,2.4
"3dgcqa-4k/hifa/a_dollhouse,_decorating,_miniature_style@20250811-160857",hifa,3.0
"3dgcqa-4k/hifa/a_train_set,_assembling,_intricate_style@20250922-004926",hifa,1.0
"3dgcqa-4k/hifa/a_pharaoh_mask,_staring,_egyptian_style@20250813-202125",hifa,4.0
"3dgcqa-4k/hifa/a_ancient_book,_opening,_literary_style@20250813-124132",hifa,3.5
"3dgcqa-4k/hifa/a_sugar_bowl,_sweetening,_vintage_style@20250813-012510",hifa,4.0
"3dgcqa-4k/hifa/a_great_dane,_towering,_majestic_style@20250812-210155",hifa,0.5
"3dgcqa-4k/hifa/a_brooch,_clasping,_ornate_style@20250813-152141",hifa,4.0
"3dgcqa-4k/hifa/a_trampoline,_bouncing,_energetic_style@20250811-134338",hifa,3.6
"3dgcqa-4k/hifa/a_oregano,_drying,_Mediterranean_style@20250922-043042",hifa,4.5
"3dgcqa-4k/hifa/a_soundbar,_sounding,_immersive_style@20250812-173632",hifa,3.9
"3dgcqa-4k/hifa/a_dog,_barking,_comic_style@20250922-011911",hifa,4.1
"3dgcqa-4k/hifa/a_plunger,_plunging,_household_style@20250812-063853",hifa,1.6
"3dgcqa-4k/hifa/a_stuffed_animal,_cuddling,_plush_style@20250811-195238",hifa,3.7
"3dgcqa-4k/hifa/a_yoga_mat,_rolling,_zen_style@20250922-012222",hifa,3.6
"3dgcqa-4k/hifa/a_macaw,_squawking,_vibrant_style@20250812-180244",hifa,3.2
"3dgcqa-4k/hifa/a_mocha,_swirling,_decadent_style@20250811-121736",hifa,1.1
"3dgcqa-4k/hifa/a_meringue,_whipping,_airy_style@20250814-172803",hifa,0.4
"3dgcqa-4k/hifa/a_magic_set,_performing,_magician_style@20250921-232508",hifa,1.9
"3dgcqa-4k/hifa/a_kombucha,_fermenting,_probiotic_style@20250811-123021",hifa,3.9
"3dgcqa-4k/hifa/a_hamster,_running,_cute_style@20250922-025823",hifa,3.2
"3dgcqa-4k/hifa/a_gecko,_sticking,_adhesive_style@20250813-023026",hifa,1.4
"3dgcqa-4k/hifa/a_trowel,_smoothing,_masonry_style@20250812-052418",hifa,4.2
"3dgcqa-4k/hifa/a_profiterole,_filling,_creamy_style@20250922-005700",hifa,2.1
"3dgcqa-4k/hifa/a_jackhammer,_breaking,_urban_style@20250922-045133",hifa,2.3
"3dgcqa-4k/hifa/a_border_collie,_herding,_intelligent_style@20250812-181956",hifa,1.5
"3dgcqa-4k/hifa/a_lollipop,_licking,_colorful_style@20250814-204920",hifa,2.0
"3dgcqa-4k/hifa/a_frappe,_blending,_cold_style@20250811-141952",hifa,2.4
"3dgcqa-4k/hifa/a_building_blocks,_stacking,_colorful_style@20250812-010220",hifa,3.3
"3dgcqa-4k/hifa/a_cookie,_crumbling,_doodle_style@20250922-024516",hifa,3.7
"3dgcqa-4k/hifa/a_VR_headset,_immersing,_futuristic_style@20250812-140819",hifa,3.0
"3dgcqa-4k/hifa/a_ginger_ale,_fizzing,_zesty_style@20250811-064216",hifa,0.8
"3dgcqa-4k/hifa/a_jade_amulet,_glowing,_mystical_style@20250921-232940",hifa,1.5
"3dgcqa-4k/hifa/a_helmet,_wearing,_protective_style@20250813-104413",hifa,2.5
"3dgcqa-4k/hifa/a_smoothie,_blending,_pop_art_style@20250922-023000",hifa,2.8
"3dgcqa-4k/hifa/a_stuffed_bunny,_cuddling,_kawaii_style@20250811-221922",hifa,0.6
"3dgcqa-4k/hifa/a_chalice,_filling,_ceremonial_style@20250813-030941",hifa,2.9
"3dgcqa-4k/hifa/a_projector,_projecting,_cinematic_style@20250812-102235",hifa,1.2
"3dgcqa-4k/hifa/a_pepper,_grinding,_bold_style@20250814-205646",hifa,3.5
"3dgcqa-4k/hifa/a_game_console,_gaming,_entertainment_style@20250812-091853",hifa,3.4
"3dgcqa-4k/hifa/a_speaker,_blasting,_neon_style@20250812-115826",hifa,4.2
"3dgcqa-4k/hifa/a_tile,_cracking,_graffiti_style@20250922-042358",hifa,1.2
"3dgcqa-4k/hifa/a_cockatoo,_screaming,_exotic_style@20250812-195951",hifa,3.6
"3dgcqa-4k/hifa/a_kaleidoscope,_twisting,_colorful_style@20250811-161034",hifa,0.9
"3dgcqa-4k/hifa/a_wine_glass,_clinking,_minimalist_style@20250811-164408",hifa,0.2
"3dgcqa-4k/hifa/a_baklava,_layering,_Middle_Eastern_style@20250814-071645",hifa,4.0
"3dgcqa-4k/hifa/a_garlic_clove,_crushing,_pungent_style@20250922-073905",hifa,0.7
"3dgcqa-4k/hifa/a_cinnamon_stick,_curling,_rustic_style@20250814-222814",hifa,4.0
"3dgcqa-4k/hifa/a_dachshund,_burrowing,_playful_style@20250813-024407",hifa,1.4
"3dgcqa-4k/hifa/a_ferret,_tunneling,_curious_style@20250812-213411",hifa,2.9
"3dgcqa-4k/hifa/a_thermostat,_adjusting,_modern_style@20250812-154824",hifa,2.8
"3dgcqa-4k/hifa/a_lego_set,_building,_creative_style@20250811-162923",hifa,1.4
"3dgcqa-4k/hifa/a_nutmeg,_grating,_spicy_style@20250815-002607",hifa,1.9
"3dgcqa-4k/hifa/a_humidifier,_misting,_wellness_style@20250812-145156",hifa,3.4
"3dgcqa-4k/hifa/a_bandana,_tying,_rugged_style@20250814-062759",hifa,1.5
"3dgcqa-4k/hifa/a_silk_ribbon,_fluttering,_elegant_style@20250813-200236",hifa,4.0
"3dgcqa-4k/hifa/a_pitcher,_overflowing,_cartoon_style@20250922-055649",hifa,1.4
"3dgcqa-4k/hifa/a_smart_home_device,_automating,_innovative_style@20250812-131948",hifa,0.9
"3dgcqa-4k/hifa/a_drill,_boring,_powerful_style@20250812-034358",hifa,4.0
"3dgcqa-4k/hifa/a_scroll,_unrolling,_renaissance_style@20250813-134517",hifa,2.4
"3dgcqa-4k/hifa/a_mortar_and_pestle,_grinding,_essential_style@20250813-045356",hifa,1.8
"3dgcqa-4k/hifa/a_tape_measure,_extending,_infographic_style@20250812-032130",hifa,1.1
"3dgcqa-4k/hifa/a_sangria,_infusing,_fruity_style@20250811-101326",hifa,1.3
"3dgcqa-4k/hifa/a_monocle,_focusing,_vintage_style@20250921-231047",hifa,1.7
"3dgcqa-4k/hifa/a_chess_set,_strategizing,_classic_style@20250811-195156",hifa,4.2
"3dgcqa-4k/hifa/a_cat,_purring,_cartoon_style@20250812-174233",hifa,4.3
"3dgcqa-4k/hifa/a_protein_shake,_mixing,_athletic_style@20250811-064214",hifa,2.2
3dgcqa-4k/hunyuan/hy_a_smartwatch_beeping_vector_style,hunyuan,0.9
3dgcqa-4k/hunyuan/hy_a_quilt_patching_folk_art_style,hunyuan,3.6
3dgcqa-4k/hunyuan/hy_a_cupcake_frosting_celebratory_style,hunyuan,4.7
3dgcqa-4k/hunyuan/hy_a_ceramic_bunny_hopping_cute_style,hunyuan,4.3
3dgcqa-4k/hunyuan/hy_a_wrench_turning_vintage_style,hunyuan,2.6
3dgcqa-4k/hunyuan/hy_a_rubber_duck_floating_bath_time_style,hunyuan,4.6
3dgcqa-4k/hunyuan/hy_a_statue_crumbling_classical_style,hunyuan,2.4
3dgcqa-4k/hunyuan/hy_a_thai_iced_tea_blending_exotic_style.zip,hunyuan,4.5
3dgcqa-4k/hunyuan/hy_a_napkin_folding_formal_style,hunyuan,3.7
3dgcqa-4k/hunyuan/hy_a_wind-up_toy_moving_mechanical_style,hunyuan,5.0
3dgcqa-4k/hunyuan/hy_a_vase_spinning_watercolor_style,hunyuan,4.0
3dgcqa-4k/hunyuan/hy_a_tapestry_hanging_baroque_style,hunyuan,4.3
3dgcqa-4k/hunyuan/hy_a_poncho_draping_bohemian_style,hunyuan,3.6
3dgcqa-4k/hunyuan/hy_a_horse_galloping_fantasy_style,hunyuan,4.1
3dgcqa-4k/hunyuan/hy_a_mustard_seed_popping_tangy_style,hunyuan,4.5
3dgcqa-4k/hunyuan/hy_a_hourglass_measuring_timeless_style,hunyuan,3.6
3dgcqa-4k/hunyuan/hy_a_clove_piercing_intense_style,hunyuan,4.4
3dgcqa-4k/hunyuan/hy_a_meringue_whipping_airy_style,hunyuan,2.5
3dgcqa-4k/hunyuan/hy_a_fitness_watch_tracking_active_style,hunyuan,4.1
3dgcqa-4k/hunyuan/hy_a_Bluetooth_speaker_blasting_portable_style,hunyuan,4.6
3dgcqa-4k/hunyuan/hy_a_profiterole_filling_creamy_style,hunyuan,4.6
3dgcqa-4k/hunyuan/hy_a_e-book_reader_page-turning_literary_style,hunyuan,3.6
3dgcqa-4k/hunyuan/hy_a_coriander_leaf_garnishing_vibrant_style,hunyuan,5.0
3dgcqa-4k/hunyuan/hy_a_flashlight_illuminating_functional_style,hunyuan,4.4
3dgcqa-4k/hunyuan/hy_a_caulking_gun_sealing_precise_style.zip,hunyuan,4.5
3dgcqa-4k/hunyuan/hy_a_dachshund_burrowing_playful_style,hunyuan,5.0
3dgcqa-4k/hunyuan/hy_a_bicycle_cycling_adventure_style,hunyuan,3.6
3dgcqa-4k/hunyuan/hy_a_Sphynx_cat_preening_hairless_style.zip,hunyuan,3.9
3dgcqa-4k/hunyuan/hy_a_fitness_tracker_monitoring_sporty_style,hunyuan,4.6
3dgcqa-4k/hunyuan/hy_a_patchwork_quilt_assembling_vintage_style,hunyuan,4.4
3dgcqa-4k/hunyuan/hy_a_green_smoothie_blending_healthy_style,hunyuan,3.8
3dgcqa-4k/hunyuan/hy_a_panna_cotta_setting_smooth_style,hunyuan,4.6
3dgcqa-4k/hunyuan/hy_a_turmeric_root_grinding_vibrant_style,hunyuan,4.1
3dgcqa-4k/hunyuan/hy_a_mocha_swirling_decadent_style,hunyuan,3.6
3dgcqa-4k/hunyuan/hy_a_chive_chopping_garnish_style,hunyuan,1.5
3dgcqa-4k/hunyuan/hy_a_mortar_and_pestle_grinding_essential_style,hunyuan,4.3
3dgcqa-4k/hunyuan/hy_a_helmet_wearing_protective_style,hunyuan,4.5
3dgcqa-4k/hunyuan/hy_a_skateboard_skating_street_style,hunyuan,4.5
3dgcqa-4k/hunyuan/hy_a_tape_measuring_precise_style,hunyuan,1.1
3dgcqa-4k/hunyuan/hy_a_jug_pouring_rustic_style,hunyuan,4.3
3dgcqa-4k/hunyuan/hy_a_sextant_aligning_nautical_style,hunyuan,4.5
3dgcqa-4k/hunyuan/hy_a_ladder_climbing_high-reaching_style,hunyuan,5.0
3dgcqa-4k/hunyuan/hy_a_protein_shake_mixing_athletic_style,hunyuan,4.4
3dgcqa-4k/hunyuan/hy_a_stuffed_bunny_cuddling_kawaii_style,hunyuan,4.2
3dgcqa-4k/hunyuan/hy_a_goblet_spilling_gothic_style,hunyuan,4.7
3dgcqa-4k/hunyuan/hy_a_oil_lamp_lighting_traditional_style,hunyuan,4.3
3dgcqa-4k/hunyuan/hy_a_chili_pepper_sizzling_hot_style,hunyuan,4.6
3dgcqa-4k/hunyuan/hy_a_sash_tying_decorative_style,hunyuan,4.4
3dgcqa-4k/hunyuan/hy_a_yoga_mat_rolling_zen_style,hunyuan,4.2
3dgcqa-4k/hunyuan/hy_a_goldfish_swimming_peaceful_style,hunyuan,4.0
3dgcqa-4k/hunyuan/hy_a_cheesecake_slicing_decadent_style,hunyuan,4.1
3dgcqa-4k/hunyuan/hy_a_suede_glove_fitting_chic_style,hunyuan,3.4
3dgcqa-4k/hunyuan/hy_a_harpoon_thrusting_whaling_style,hunyuan,4.3
3dgcqa-4k/hunyuan/hy_a_chameleon_changing_vibrant_style,hunyuan,4.1
3dgcqa-4k/hunyuan/hy_a_hand_saw_sawing_traditional_style,hunyuan,4.4
3dgcqa-4k/hunyuan/hy_a_fruit_bowl_filling_colorful_style,hunyuan,4.1
3dgcqa-4k/hunyuan/hy_a_safflower_coloring_delicate_style,hunyuan,5.0
3dgcqa-4k/hunyuan/hy_a_pie_slicing_homemade_style,hunyuan,3.7
3dgcqa-4k/hunyuan/hy_a_rocking_horse_rocking_nostalgic_style,hunyuan,3.9
3dgcqa-4k/hunyuan/hy_a_remote_control_car_racing_fast-paced_style,hunyuan,1.1
3dgcqa-4k/hunyuan/hy_a_iguana_basking_exotic_style,hunyuan,0.8
3dgcqa-4k/hunyuan/hy_a_hot_chocolate_steaming_digital_art_style,hunyuan,4.7
3dgcqa-4k/hunyuan/hy_a_mosaic_tile_fitting_intricate_style,hunyuan,4.6
3dgcqa-4k/hunyuan/hy_a_beach_ball_bouncing_holiday_style,hunyuan,4.3
3dgcqa-4k/hunyuan/hy_a_smart_home_device_automating_innovative_style,hunyuan,4.4
3dgcqa-4k/hunyuan/hy_a_ramekin_filling_culinary_style,hunyuan,4.7
3dgcqa-4k/hunyuan/hy_a_robot_vacuum_cleaning_automated_style,hunyuan,4.6
3dgcqa-4k/hunyuan/hy_a_VR_headset_immersing_artistic_style,hunyuan,4.3
3dgcqa-4k/hunyuan/hy_a_instant_pot_cooking_modern_style,hunyuan,4.1
3dgcqa-4k/hunyuan/hy_a_trowel_spreading_masonry_style,hunyuan,4.0
3dgcqa-4k/hunyuan/hy_a_bubble_wand_blowing_fun_style.zip,hunyuan,3.8
3dgcqa-4k/hunyuan/hy_a_pavlova_topping_fluffy_style,hunyuan,4.3
3dgcqa-4k/hunyuan/hy_a_helmet_glowing_sci-fi_style,hunyuan,4.6
3dgcqa-4k/hunyuan/hy_a_chocolate_bar_breaking_indulgent_style,hunyuan,1.9
3dgcqa-4k/hunyuan/hy_a_shovel_digging_outdoor_style,hunyuan,4.7
3dgcqa-4k/hunyuan/hy_a_pottery_wheel_turning_rustic_style,hunyuan,4.1
3dgcqa-4k/hunyuan/hy_a_clay_jug_pouring_pastoral_style,hunyuan,4.1
3dgcqa-4k/hunyuan/hy_a_cocktail_glass_shaking_tropical_style,hunyuan,5.0
3dgcqa-4k/hunyuan/hy_a_herbal_infusion_brewing_natural_style,hunyuan,4.3
3dgcqa-4k/hunyuan/hy_a_fruit_tart_arranging_colorful_style,hunyuan,4.8
3dgcqa-4k/hunyuan/hy_a_knight's_armor_clanking_medieval_style,hunyuan,4.5
3dgcqa-4k/hunyuan/hy_a_cinnamon_stick_curling_rustic_style,hunyuan,4.1
3dgcqa-4k/hunyuan/hy_a_plunger_plunging_household_style,hunyuan,3.0
3dgcqa-4k/hunyuan/hy_a_teacup_sipping_elegant_style,hunyuan,4.6
3dgcqa-4k/hunyuan/hy_a_handbag_accessorizing_stylish_style,hunyuan,3.5
3dgcqa-4k/hunyuan/hy_a_water_bottle_splashing_contemporary_style,hunyuan,4.6
3dgcqa-4k/hunyuan/hy_a_kaleidoscope_twisting_colorful_style.zip,hunyuan,4.6
3dgcqa-4k/hunyuan/hy_a_soldering_iron_welding_delicate_style.zip,hunyuan,4.0
3dgcqa-4k/hunyuan/hy_a_jar_opening_retro_style,hunyuan,4.0
3dgcqa-4k/hunyuan/hy_a_plate_spinning_minimalist_style,hunyuan,3.9
3dgcqa-4k/hunyuan/hy_a_frisbee_flying_outdoor_style,hunyuan,4.3
3dgcqa-4k/hunyuan/hy_a_samurai_sword_unsheathing_warrior_style,hunyuan,4.5
3dgcqa-4k/hunyuan/hy_a_crown_shining_fantasy_style,hunyuan,4.3
3dgcqa-4k/hunyuan/hy_a_turban_wrapping_traditional_style,hunyuan,3.5
3dgcqa-4k/hunyuan/hy_a_scroll_revealing_mystical_style,hunyuan,4.5
3dgcqa-4k/hunyuan/hy_a_trampoline_bouncing_energetic_style,hunyuan,3.8
3dgcqa-4k/hunyuan/hy_a_wasabi_root_grating_Japanese_style,hunyuan,4.3
3dgcqa-4k/hunyuan/hy_a_chisel_carving_photorealistic_style,hunyuan,3.6
3dgcqa-4k/hunyuan/hy_a_graphics_tablet_drawing_artistic_style.zip,hunyuan,4.6
3dgcqa-4k/hunyuan/hy_a_ceramic_egg_cracking_surprise_style,hunyuan,4.6
3dgcqa-4k/hunyuan/hy_a_drone_flying_technical_drawing_style,hunyuan,2.3
3dgcqa-4k/hunyuan/hy_a_cortado_sipping_balanced_style.zip,hunyuan,4.7
3dgcqa-4k/hunyuan/hy_a_clay_tablet_inscribing_ancient_style,hunyuan,3.2
3dgcqa-4k/hunyuan/hy_a_scooter_riding_urban_style,hunyuan,4.7
3dgcqa-4k/hunyuan/hy_a_monocle_focusing_vintage_style,hunyuan,3.7
3dgcqa-4k/hunyuan/hy_a_teapot_whistling_line_art_style,hunyuan,4.6
3dgcqa-4k/hunyuan/hy_a_silk_ribbon_fluttering_elegant_style,hunyuan,4.4
3dgcqa-4k/hunyuan/hy_a_smart_thermostat_controlling_sleek_style,hunyuan,1.1
3dgcqa-4k/hunyuan/hy_a_calculator_calculating_educational_style,hunyuan,4.2
3dgcqa-4k/hunyuan/hy_a_nutmeg_grating_spiced_style,hunyuan,2.0
3dgcqa-4k/hunyuan/hy_a_fidget_spinner_spinning_trendy_style,hunyuan,3.6
3dgcqa-4k/hunyuan/hy_a_dragon_egg_hatching_fantasy_style,hunyuan,4.7
3dgcqa-4k/hunyuan/hy_a_espresso_machine_brewing_aromatic_style,hunyuan,3.4
3dgcqa-4k/hunyuan/hy_a_video_doorbell_monitoring_smart_style.zip,hunyuan,4.7
3dgcqa-4k/hunyuan/hy_a_gelatin_setting_jiggly_style,hunyuan,3.4
3dgcqa-4k/hunyuan/hy_a_smartwatch_notifying_sleek_style,hunyuan,4.4
3dgcqa-4k/hunyuan/hy_a_shawl_weaving_intricate_style,hunyuan,4.6
3dgcqa-4k/hunyuan/hy_a_periscope_peeking_innovative_style,hunyuan,4.5
3dgcqa-4k/hunyuan/hy_a_lemonade_dripping_graffiti_style,hunyuan,4.6
3dgcqa-4k/hunyuan/hy_a_angel_food_cake_slicing_airy_style,hunyuan,4.9
3dgcqa-4k/hunyuan/hy_a_humidifier_misting_wellness_style,hunyuan,1.1
3dgcqa-4k/hunyuan/hy_a_mug_steaming_pop_art_style,hunyuan,3.8
3dgcqa-4k/hunyuan/hy_a_drill_boring_powerful_style,hunyuan,4.2
3dgcqa-4k/hunyuan/hy_a_siamese_fighting_fish_swimming_exotic_style,hunyuan,4.8
3dgcqa-4k/hunyuan/hy_a_pharaoh_mask_staring_egyptian_style,hunyuan,4.5
3dgcqa-4k/hunyuan/hy_a_pepper_grinding_bold_style,hunyuan,2.0
3dgcqa-4k/hunyuan/hy_a_goblet_drinking_medieval_style,hunyuan,4.6
3dgcqa-4k/hunyuan/hy_a_doormat_wiping_welcome_style,hunyuan,4.6
3dgcqa-4k/hunyuan/hy_a_canary_singing_bright_style,hunyuan,3.8
3dgcqa-4k/hunyuan/hy_a_coffee_cup_steaming_watercolor_style,hunyuan,4.4
3dgcqa-4k/hunyuan/hy_a_churro_frying_cinnamon_style,hunyuan,3.7
3dgcqa-4k/hunyuan/hy_a_toy_car_zooming_comic_style,hunyuan,2.7
3dgcqa-4k/hunyuan/hy_a_peppermint_cooling_refreshing_style,hunyuan,4.7
3dgcqa-4k/hunyuan/hy_a_fondue_pot_bubbling_convivial_style,hunyuan,4.3
3dgcqa-4k/hunyuan/hy_a_ball_bouncing_surreal_style,hunyuan,4.1
3dgcqa-4k/hunyuan/hy_a_air_purifier_purifying_clean_style,hunyuan,4.7
3dgcqa-4k/hunyuan/hy_a_casserole_dish_baking_homely_style,hunyuan,2.8
3dgcqa-4k/hunyuan/hy_a_gaming_mouse_clicking_responsive_style,hunyuan,3.4
3dgcqa-4k/hunyuan/hy_a_dog_barking_comic_style,hunyuan,5.0
3dgcqa-4k/hunyuan/hy_a_brownie_baking_fudgy_style,hunyuan,4.5
3dgcqa-4k/hunyuan/hy_a_quill_writing_classical_style,hunyuan,4.5
3dgcqa-4k/hunyuan/hy_a_building_blocks_constructing_architectural_style,hunyuan,4.3
3dgcqa-4k/hunyuan/hy_a_cupcake_decorating_kawaii_style,hunyuan,4.6
3dgcqa-4k/hunyuan/hy_a_juice_squeezing_fresh_style,hunyuan,4.6
3dgcqa-4k/hunyuan/hy_a_smoothie_bowl_blending_vibrant_style,hunyuan,5.0
3dgcqa-4k/hunyuan/hy_a_basil_leaf_crushing_fresh_style,hunyuan,4.5
3dgcqa-4k/hunyuan/hy_a_train_chugging_illustrative_style,hunyuan,5.0
3dgcqa-4k/hunyuan/hy_a_mallet_pounding_robust_style,hunyuan,5.0
3dgcqa-4k/hunyuan/hy_a_blocks_stacking_Bauhaus_style,hunyuan,4.6
3dgcqa-4k/hunyuan/hy_a_rune_stone_reading_Viking_styl,hunyuan,4.2
3dgcqa-4k/hunyuan/hy_a_turmeric_latte_mixing_golden_style,hunyuan,3.0
3dgcqa-4k/hunyuan/hy_a_sandpaper_sanding_smooth_style,hunyuan,1.5
3dgcqa-4k/hunyuan/hy_a_bunny_nibbling_soft_style,hunyuan,4.6
3dgcqa-4k/hunyuan/hy_a_cannonball_firing_historical_style,hunyuan,4.1
3dgcqa-4k/hunyuan/hy_a_cashmere_scarf_wrapping_luxurious_style,hunyuan,4.7
3dgcqa-4k/hunyuan/hy_a_teapot_pouring_abstract_style,hunyuan,4.6
3dgcqa-4k/hunyuan/hy_a_toy_plane_soaring_aviation_style,hunyuan,4.6
3dgcqa-4k/hunyuan/hy_a_canary_singing_melodic_style.zip,hunyuan,4.3
3dgcqa-4k/hunyuan/hy_a_parakeet_chirping_lively_style,hunyuan,4.1
3dgcqa-4k/hunyuan/hy_a_burlap_sack_tying_utilitarian_style,hunyuan,4.6
3dgcqa-4k/hunyuan/hy_a_astrolabe_exploring_navigational_style,hunyuan,4.8
3dgcqa-4k/hunyuan/hy_a_marbles_rolling_classic_style,hunyuan,2.6
3dgcqa-4k/hunyuan/hy_a_chamomile_tea_steeping_calming_style.zip,hunyuan,4.5
3dgcqa-4k/hunyuan/hy_a_robot_walking_sci-fi_style,hunyuan,4.7
3dgcqa-4k/hunyuan/hy_a_nutmeg_grating_spicy_style,hunyuan,3.2
3dgcqa-4k/hunyuan/hy_a_compass_pointing_adventure_style,hunyuan,4.1
3dgcqa-4k/hunyuan/hy_a_eclair_filling_classic_style,hunyuan,4.3
3dgcqa-4k/hunyuan/hy_a_stein_clinking_festive_style,hunyuan,2.7
3dgcqa-4k/hunyuan/hy_a_gelato_scooping_creamy_style,hunyuan,4.8
3dgcqa-4k/hunyuan/hy_a_sweater_vest_layering_preppy_style,hunyuan,5.0
3dgcqa-4k/hunyuan/hy_a_roman_coin_flipping_historical_style,hunyuan,5.0
3dgcqa-4k/hunyuan/hy_a_rabbit_hopping_line_art_style,hunyuan,5.0
3dgcqa-4k/hunyuan/hy_a_train_set_assembling_intricate_style,hunyuan,4.5
3dgcqa-4k/hunyuan/hy_a_flag_waving_patriotic_style,hunyuan,4.6
3dgcqa-4k/hunyuan/hy_a_dalmatian_spotted_classic_style,hunyuan,3.5
3dgcqa-4k/hunyuan/hy_a_denim_jacket_fraying_edgy_style,hunyuan,4.8
3dgcqa-4k/hunyuan/hy_a_biscotti_dipping_crunchy_style,hunyuan,4.5
3dgcqa-4k/hunyuan/hy_a_cat_purring_cartoon_style,hunyuan,5.0
3dgcqa-4k/hunyuan/hy_a_malt_shake_thickening_creamy_style,hunyuan,4.0
3dgcqa-4k/hunyuan/hy_a_doorbell_camera_watching_security_style,hunyuan,5.0
3dgcqa-4k/hunyuan/hy_a_anvil_forging_medieval_style,hunyuan,5.0
3dgcqa-4k/hunyuan/hy_a_kite_flying_whimsical_style,hunyuan,4.1
3dgcqa-4k/hunyuan/hy_a_chicken_pecking_farm_style,hunyuan,4.2
3dgcqa-4k/hunyuan/hy_a_beer_mug_foaming_hand-drawn_style,hunyuan,4.0
3dgcqa-4k/hunyuan/hy_a_bulldog_drooling_wrinkly_style,hunyuan,4.4
3dgcqa-4k/hunyuan/hy_a_clove_scenting_warm_style,hunyuan,4.5
3dgcqa-4k/hunyuan/hy_a_chili_powder_spicing_fiery_style,hunyuan,3.7
3dgcqa-4k/hunyuan/hy_a_lemongrass_stalk_steeping_Thai_style,hunyuan,3.7
3dgcqa-4k/hunyuan/hy_a_tablecloth_spreading_rustic_style,hunyuan,4.8
3dgcqa-4k/hunyuan/hy_a_curtain_hanging_elegant_style,hunyuan,4.5
3dgcqa-4k/hunyuan/hy_a_trifle_layering_festive_style,hunyuan,4.0
3dgcqa-4k/hunyuan/hy_a_lizard_climbing_geometric_style,hunyuan,4.9
3dgcqa-4k/hunyuan/hy_a_glue_gun_bonding_crafty_style,hunyuan,4.7
3dgcqa-4k/hunyuan/hy_a_model_rocket_launching_educational_style,hunyuan,4.3
3dgcqa-4k/hunyuan/hy_a_chariot_wheel_rolling_epic_style,hunyuan,4.2
3dgcqa-4k/hunyuan/hy_a_poodle_prancing_stylish_style,hunyuan,4.7
3dgcqa-4k/hunyuan/hy_a_milkshake_swirling_retro_style,hunyuan,2.9
3dgcqa-4k/hunyuan/hy_a_rug_unraveling_tribal_style,hunyuan,4.6
3dgcqa-4k/hunyuan/hy_a_compass_rose_guiding_navigational_style,hunyuan,2.0
3dgcqa-4k/hunyuan/hy_a_lantern_illuminating_vintage_style,hunyuan,4.5
3dgcqa-4k/hunyuan/hy_a_toy_soldier_marching_military_style,hunyuan,4.6
3dgcqa-4k/hunyuan/hy_a_frappe_blending_cold_style,hunyuan,4.7
3dgcqa-4k/hunyuan/hy_a_gecko_sticking_adhesive_style,hunyuan,4.7
3dgcqa-4k/hunyuan/hy_a_eclair_glazing_French_style,hunyuan,3.8
3dgcqa-4k/hunyuan/hy_a_air_conditioner_cooling_summer_style,hunyuan,3.4
3dgcqa-4k/hunyuan/hy_a_ancient_key_turning_mysterious_style,hunyuan,4.3
3dgcqa-4k/hunyuan/hy_a_gingerbread_house_building_festive_style,hunyuan,4.2
3dgcqa-4k/hunyuan/hy_a_treasure_chest_unlocking_pirate_style,hunyuan,4.5
3dgcqa-4k/hunyuan/hy_a_pitcher_filling_country_style,hunyuan,4.2
3dgcqa-4k/hunyuan/hy_a_fennel_seed_cracking_fresh_style,hunyuan,4.7
3dgcqa-4k/hunyuan/hy_a_spinning_top_spinning_kinetic_style,hunyuan,4.4
3dgcqa-4k/hunyuan/hy_a_yo_yo_spinning_abstract_style,hunyuan,4.6
3dgcqa-4k/hunyuan/hy_a_beagle_sniffing_active_style,hunyuan,3.1
3dgcqa-4k/hunyuan/hy_a_cumin_seed_toasting_earthy_style,hunyuan,3.1
3dgcqa-4k/hunyuan/hy_a_toy_boat_sailing_maritime_style,hunyuan,4.5
3dgcqa-4k/hunyuan/hy_a_ankh_holding_symbolic_style,hunyuan,4.4
3dgcqa-4k/hunyuan/hy_a_bearded_dragon_basking_reptilian_style,hunyuan,4.3
3dgcqa-4k/hunyuan/hy_a_red_wine_breathing_elegant_style,hunyuan,3.4
3dgcqa-4k/hunyuan/hy_a_matcha_latte_whisking_zen_style,hunyuan,3.5
3dgcqa-4k/hunyuan/hy_a_beanie_knitting_urban_style,hunyuan,4.7
3dgcqa-4k/hunyuan/hy_a_fireplace_warming_cozy_style,hunyuan,4.5
3dgcqa-4k/hunyuan/hy_a_juniper_berry_infusing_gin_style,hunyuan,4.8
3dgcqa-4k/hunyuan/hy_a_file_smoothing_industrial_style,hunyuan,4.2
3dgcqa-4k/hunyuan/hy_a_plush_toy_hugging_soft_style,hunyuan,5.0
3dgcqa-4k/hunyuan/hy_a_slinky_stretching_retro_style,hunyuan,2.8
3dgcqa-4k/hunyuan/hy_a_screwdriver_twisting_blueprint_style,hunyuan,5.0
3dgcqa-4k/hunyuan/hy_a_seltzer_bubbling_refreshing_style,hunyuan,4.1
3dgcqa-4k/hunyuan/hy_a_cake_frosting_pastel_style,hunyuan,3.5
3dgcqa-4k/hunyuan/hy_a_nail_gun_nailing_efficient_style,hunyuan,4.8
3dgcqa-4k/hunyuan/hy_a_hedgehog_curling_spiky_style,hunyuan,4.5
3dgcqa-4k/hunyuan/hy_a_pliers_gripping_rough_sketch_style,hunyuan,4.6
3dgcqa-4k/hunyuan/hy_a_iced_tea_cooling_summer_style,hunyuan,4.4
3dgcqa-4k/hunyuan/hy_a_saffron_thread_steeping_luxurious_style,hunyuan,0.0
3dgcqa-4k/hunyuan/hy_a_tabby_cat_lounging_relaxed_style,hunyuan,5.0
3dgcqa-4k/hunyuan/hy_a_tart_glazing_glossy_style,hunyuan,4.3
3dgcqa-4k/hunyuan/hy_a_cookie_jar_opening_nostalgic_style,hunyuan,5.0
3dgcqa-4k/hunyuan/hy_a_sundial_shadowing_timeless_style,hunyuan,0.0
3dgcqa-4k/hunyuan/hy_a_toy_gun_shooting_action-packed_style,hunyuan,4.3
3dgcqa-4k/hunyuan/hy_a_espresso_martini_shaking_classy_style.zip,hunyuan,3.9
3dgcqa-4k/hunyuan/hy_a_level_balancing_steampunk_style,hunyuan,4.2
3dgcqa-4k/hunyuan/hy_a_salt_shaker_shaking_functional_style,hunyuan,4.2
3dgcqa-4k/hunyuan/hy_a_pina_colada_chilling_holiday_style,hunyuan,0.0
3dgcqa-4k/hunyuan/hy_a_bay_leaf_simmering_aromatic_style,hunyuan,4.5
3dgcqa-4k/hunyuan/hy_a_guinea_pig_squeaking_cuddly_style,hunyuan,4.2
3dgcqa-4k/hunyuan/hy_a_wool_sweater_knitting_handmade_style,hunyuan,4.5
3dgcqa-4k/hunyuan/hy_a_blanket_folding_vintage_style,hunyuan,2.5
3dgcqa-4k/hunyuan/hy_a_wine_glass_clinking_minimalist_style,hunyuan,4.4
3dgcqa-4k/hunyuan/hy_a_ferret_tunneling_curious_style.zip,hunyuan,4.6
3dgcqa-4k/hunyuan/hy_a_digital_piano_playing_musical_style,hunyuan,4.6
3dgcqa-4k/hunyuan/hy_a_peppermint_tea_steaming_soothing_style,hunyuan,5.0
3dgcqa-4k/hunyuan/hy_a_dollhouse_decorating_miniature_style,hunyuan,4.3
3dgcqa-4k/hunyuan/hy_a_drill_rotating_3D_style,hunyuan,4.3
3dgcqa-4k/hunyuan/hy_a_plunger_unclogging_essential_style.zip,hunyuan,4.5
3dgcqa-4k/hunyuan/hy_a_broom_sweeping_traditional_style,hunyuan,1.6
3dgcqa-4k/hunyuan/hy_a_balloon_inflating_festive_style,hunyuan,2.9
3dgcqa-4k/hunyuan/hy_a_lollipop_licking_colorful_style,hunyuan,4.6
3dgcqa-4k/hunyuan/hy_a_speaker_blasting_neon_style,hunyuan,4.4
3dgcqa-4k/hunyuan/hy_a_quilt_patching_cozy_style,hunyuan,3.9
3dgcqa-4k/hunyuan/hy_a_cappuccino_frothing_Italian_style,hunyuan,4.6
3dgcqa-4k/hunyuan/hy_a_tureen_serving_grand_style,hunyuan,4.4
3dgcqa-4k/hunyuan/hy_a_crowbar_prying_robust_style,hunyuan,4.5
3dgcqa-4k/hunyuan/hy_a_sock_knitting_homely_style,hunyuan,5.0
3dgcqa-4k/hunyuan/hy_a_ceramic_fish_swimming_tropical_style,hunyuan,5.0
3dgcqa-4k/hunyuan/hy_a_pudding_wobbling_jiggly_style,hunyuan,4.2
3dgcqa-4k/hunyuan/hy_a_shield_blocking_steampunk_style,hunyuan,4.6
3dgcqa-4k/hunyuan/hy_a_sangria_infusing_fruity_style,hunyuan,4.8
3dgcqa-4k/hunyuan/hy_a_pitcher_overflowing_cartoon_style,hunyuan,4.3
3dgcqa-4k/hunyuan/hy_a_kimono_wrapping_oriental_style,hunyuan,4.6
3dgcqa-4k/hunyuan/hy_a_gelato_scooping_Italian_style,hunyuan,4.2
3dgcqa-4k/hunyuan/hy_a_waffle_topping_Belgian_style,hunyuan,4.5
3dgcqa-4k/hunyuan/hy_a_root_beer_foaming_nostalgic_style,hunyuan,4.1
3dgcqa-4k/hunyuan/hy_a_sundae_melting_neon_style,hunyuan,4.4
3dgcqa-4k/hunyuan/hy_a_pie_steaming_homestyle,hunyuan,3.9
3dgcqa-4k/hunyuan/hy_a_coffee_machine_brewing_morning_style,hunyuan,4.1
3dgcqa-4k/hunyuan/hy_a_hot_toddy_simmering_warming_style,hunyuan,4.2
3dgcqa-4k/hunyuan/hy_a_vanilla_pod_splitting_sweet_style,hunyuan,4.2
3dgcqa-4k/hunyuan/hy_a_kitten_playing_playful_style,hunyuan,4.0
3dgcqa-4k/hunyuan/hy_a_velvet_cushion_softening_plush_style,hunyuan,3.4
3dgcqa-4k/hunyuan/hy_a_cummerbund_adjusting_formal_style,hunyuan,4.0
3dgcqa-4k/hunyuan/hy_a_dragon_vase_roaring_mythical_style,hunyuan,4.6
3dgcqa-4k/hunyuan/hy_a_shop_vac_vacuuming_heavy-duty_style.zip,hunyuan,4.7
3dgcqa-4k/hunyuan/hy_a_parfait_layering_sleek_style,hunyuan,4.3
3dgcqa-4k/hunyuan/hy_a_handwoven_blanket_comforting_cozy_style,hunyuan,4.3
3dgcqa-4k/hunyuan/hy_a_garlic_clove_crushing_pungent_style,hunyuan,3.8
3dgcqa-4k/hunyuan/hy_a_smart_lock_securing_futuristic_style,hunyuan,3.9
3dgcqa-4k/hunyuan/hy_a_peacock_displaying_regal_style.zip,hunyuan,4.1
3dgcqa-4k/hunyuan/hy_a_oregano_drying_Mediterranean_style,hunyuan,5.0
3dgcqa-4k/hunyuan/hy_a_hair_dryer_blowing_salon_style,hunyuan,4.7
3dgcqa-4k/hunyuan/hy_a_cocktail_shaking_cubist_style,hunyuan,2.5
3dgcqa-4k/hunyuan/hy_a_chalice_filling_ceremonial_style,hunyuan,4.2
"3dgcqa-4k/latentnerf/a_yo-yo,_spinning,_abstract_style@20251024-165057",latentnerf,0.0
"3dgcqa-4k/latentnerf/a_goblet,_spilling,_gothic_style@20250919-155532",latentnerf,2.0
"3dgcqa-4k/latentnerf/a_handbag,_accessorizing,_stylish_style@20250923-071805",latentnerf,1.7
"3dgcqa-4k/latentnerf/a_smoothie_bowl,_blending,_vibrant_style@20250910-055906",latentnerf,0.0
"3dgcqa-4k/latentnerf/a_canary,_singing,_melodic_style@20250911-020059",latentnerf,0.5
"3dgcqa-4k/latentnerf/a_koi_fish,_swimming,_ornamental_style@20250909-045058",latentnerf,0.4
"3dgcqa-4k/latentnerf/a_cheesecake,_slicing,_decadent_style@20250912-150905",latentnerf,0.0
"3dgcqa-4k/latentnerf/a_rubber_duck,_floating,_bath_time_style@20250909-151443",latentnerf,1.6
"3dgcqa-4k/latentnerf/a_hedgehog,_curling,_spiky_style@20250923-182306",latentnerf,0.5
"3dgcqa-4k/latentnerf/a_waffle,_topping,_Belgian_style@20250909-163437",latentnerf,0.4
"3dgcqa-4k/latentnerf/a_lego_set,_building,_creative_style@20250918-210314",latentnerf,0.4
"3dgcqa-4k/latentnerf/a_trowel,_spreading,_masonry_style@20250920-142925",latentnerf,1.2
"3dgcqa-4k/latentnerf/a_building_blocks,_constructing,_architectural_style@20250910-155439",latentnerf,1.1
"3dgcqa-4k/latentnerf/a_nail_gun,_nailing,_efficient_style@20250919-183624",latentnerf,1.4
"3dgcqa-4k/latentnerf/a_dachshund,_burrowing,_playful_style@20251024-190255",latentnerf,1.4
"3dgcqa-4k/latentnerf/a_jar,_opening,_retro_style@20250917-220858",latentnerf,2.0
"3dgcqa-4k/latentnerf/a_anvil,_forging,_medieval_style@20250919-080747",latentnerf,0.6
"3dgcqa-4k/latentnerf/a_guinea_pig,_nibbling,_detailed_style@20251024-172446",latentnerf,2.1
"3dgcqa-4k/latentnerf/a_saffron_thread,_blooming,_exotic_style@20250923-101352",latentnerf,2.4
"3dgcqa-4k/latentnerf/a_pitcher,_overflowing,_cartoon_style@20250917-225457",latentnerf,0.4
"3dgcqa-4k/latentnerf/a_matcha_latte,_whisking,_zen_style@20251024-175719",latentnerf,0.5
"3dgcqa-4k/latentnerf/a_tablecloth,_spreading,_elegant_style@20250923-033717",latentnerf,0.6
"3dgcqa-4k/latentnerf/a_brownie,_baking,_cozy_style@20250920-060028",latentnerf,2.5
"3dgcqa-4k/latentnerf/a_garlic_clove,_crushing,_pungent_style@20250910-160903",latentnerf,0.4
"3dgcqa-4k/latentnerf/a_lollipop,_licking,_colorful_style@20250923-132626",latentnerf,1.3
"3dgcqa-4k/latentnerf/a_espresso_martini,_shaking,_classy_style@20250911-142423",latentnerf,0.9
"3dgcqa-4k/latentnerf/a_kaleidoscope,_twisting,_colorful_style@20251024-175719",latentnerf,1.2
"3dgcqa-4k/latentnerf/a_corgi,_running,_energetic_style@20250923-182219",latentnerf,0.4
"3dgcqa-4k/latentnerf/a_chocolate_bar,_breaking,_indulgent_style@20250912-162546",latentnerf,0.0
"3dgcqa-4k/latentnerf/a_shawl,_weaving,_intricate_style@20250922-035601",latentnerf,3.2
"3dgcqa-4k/latentnerf/a_fennel_seed,_cracking,_fresh_style@20250911-113420",latentnerf,1.0
"3dgcqa-4k/latentnerf/a_puzzle_box,_solving,_intricate_style@20250917-214612",latentnerf,0.0
"3dgcqa-4k/latentnerf/a_dragon_egg,_hatching,_fantasy_style@20250910-012704",latentnerf,2.1
"3dgcqa-4k/latentnerf/a_chive,_chopping,_garnish_style@20250911-015621",latentnerf,0.7
"3dgcqa-4k/latentnerf/a_inkwell,_dipping,_classic_style@20250919-175119",latentnerf,1.3
"3dgcqa-4k/latentnerf/a_angel_food_cake,_slicing,_airy_style@20250923-174715",latentnerf,1.5
"3dgcqa-4k/latentnerf/a_ceramic_fish,_swimming,_tropical_style@20250909-045347",latentnerf,2.7
"3dgcqa-4k/latentnerf/a_thyme_sprig,_adding,_subtle_style@20250919-082227",latentnerf,2.1
"3dgcqa-4k/latentnerf/a_caulking_gun,_sealing,_precise_style@20250919-183047",latentnerf,3.5
"3dgcqa-4k/latentnerf/a_marshmallow,_toasting,_campfire_style@20250909-051813",latentnerf,1.8
"3dgcqa-4k/latentnerf/a_piglet,_snorting,_adorable_style@20250912-111627",latentnerf,0.7
"3dgcqa-4k/latentnerf/a_cumin_seed,_toasting,_earthy_style@20250911-021459",latentnerf,0.6
"3dgcqa-4k/latentnerf/a_dwarf_hamster,_scurrying,_tiny_style@20250911-012617",latentnerf,0.0
"3dgcqa-4k/latentnerf/a_gaming_mouse,_clicking,_responsive_style@20250922-034242",latentnerf,1.5
"3dgcqa-4k/latentnerf/a_gelato,_scooping,_Italian_style@20250909-164619",latentnerf,2.1
"3dgcqa-4k/latentnerf/a_cinnamon_stick,_simmering,_warm_style@20250910-101913",latentnerf,3.1
"3dgcqa-4k/latentnerf/a_satin_sheet,_draping,_luxury_style@20250912-113440",latentnerf,2.0
"3dgcqa-4k/latentnerf/a_crepe,_filling,_delicate_style@20250918-201333",latentnerf,1.2
"3dgcqa-4k/latentnerf/a_canary,_singing,_bright_style@20250912-061411",latentnerf,2.3
"3dgcqa-4k/latentnerf/a_hot_cider,_mulling,_festive_style@20251024-161507",latentnerf,0.0
"3dgcqa-4k/latentnerf/a_toy_car,_zooming,_comic_style@20250923-153737",latentnerf,0.7
"3dgcqa-4k/latentnerf/a_model_airplane,_constructing,_detailed_style@20250918-035956",latentnerf,1.5
"3dgcqa-4k/latentnerf/a_wrench,_turning,_vintage_style@20250918-234056",latentnerf,2.7
"3dgcqa-4k/latentnerf/a_puzzle_piece,_fitting,_flat_style@20251024-154211",latentnerf,3.0
"3dgcqa-4k/latentnerf/a_decorative_plate,_displaying,_ornamental_style@20250911-213542",latentnerf,4.1
"3dgcqa-4k/latentnerf/a_pie,_slicing,_homemade_style@20250923-044118",latentnerf,1.0
"3dgcqa-4k/latentnerf/a_harpoon,_thrusting,_whaling_style@20251024-201043",latentnerf,0.3
"3dgcqa-4k/latentnerf/a_humidifier,_misting,_wellness_style@20250923-095836",latentnerf,0.0
"3dgcqa-4k/latentnerf/a_hammer,_swinging,_sketch_style@20251024-143450",latentnerf,2.7
"3dgcqa-4k/latentnerf/a_hedge_trimmer,_trimming,_garden_style@20250920-100438",latentnerf,2.6
"3dgcqa-4k/latentnerf/a_lantern,_illuminating,_vintage_style@20250912-174333",latentnerf,0.0
"3dgcqa-4k/latentnerf/a_denim_jacket,_fraying,_edgy_style@20250911-232403",latentnerf,1.5
"3dgcqa-4k/latentnerf/a_ginger_root,_grating,_zingy_style@20250923-153737",latentnerf,0.3
"3dgcqa-4k/latentnerf/a_wire_cutter,_snipping,_electrical_style@20250920-234113",latentnerf,0.5
"3dgcqa-4k/latentnerf/a_statue,_crumbling,_classical_style@20250920-013722",latentnerf,0.4
"3dgcqa-4k/latentnerf/a_cashmere_scarf,_wrapping,_luxurious_style@20250918-091641",latentnerf,0.4
"3dgcqa-4k/latentnerf/a_tart,_glazing,_glossy_style@20250920-144221",latentnerf,4.0
"3dgcqa-4k/latentnerf/a_dill_weed,_sprinkling,_delicate_style@20250918-114517",latentnerf,1.9
"3dgcqa-4k/latentnerf/a_cannonball,_firing,_historical_style@20250922-052416",latentnerf,5.0
"3dgcqa-4k/latentnerf/a_mosaic,_assembling,_intricate_style@20250912-123608",latentnerf,1.6
"3dgcqa-4k/latentnerf/a_border_collie,_herding,_intelligent_style@20251024-151043",latentnerf,2.5
"3dgcqa-4k/latentnerf/a_cocktail_glass,_shaking,_tropical_style@20250909-053401",latentnerf,0.5
"3dgcqa-4k/latentnerf/a_sock,_knitting,_homely_style@20250923-033744",latentnerf,0.7
"3dgcqa-4k/latentnerf/a_fitness_watch,_tracking,_active_style@20250921-132645",latentnerf,0.7
"3dgcqa-4k/latentnerf/a_sangria,_infusing,_fruity_style@20251024-193742",latentnerf,0.0
"3dgcqa-4k/latentnerf/a_kite,_flying,_whimsical_style@20250919-175455",latentnerf,2.2
"3dgcqa-4k/latentnerf/a_gelatin,_setting,_jiggly_style@20250923-170200",latentnerf,2.7
"3dgcqa-4k/latentnerf/a_matcha_tea,_whisking,_zen_style@20250908-220537",latentnerf,2.0
"3dgcqa-4k/latentnerf/a_balloon,_inflating,_festive_style@20250922-195912",latentnerf,2.1
"3dgcqa-4k/latentnerf/a_fondue_pot,_bubbling,_convivial_style@20250920-034343",latentnerf,1.3
"3dgcqa-4k/latentnerf/a_oregano,_drying,_Mediterranean_style@20250918-221308",latentnerf,0.6
"3dgcqa-4k/latentnerf/a_remote-controlled_drone,_flying,_techy_style@20250911-165959",latentnerf,0.3
"3dgcqa-4k/latentnerf/a_juniper_berry,_infusing,_gin_style@20250918-004527",latentnerf,0.6
"3dgcqa-4k/latentnerf/a_tabby_cat,_lounging,_relaxed_style@20251024-154412",latentnerf,2.2
"3dgcqa-4k/latentnerf/a_siamese_fighting_fish,_swimming,_exotic_style@20251024-172507",latentnerf,2.6
"3dgcqa-4k/latentnerf/a_doll,_dancing,_anime_style@20251024-143450",latentnerf,4.5
"3dgcqa-4k/latentnerf/a_level,_balancing,_steampunk_style@20250923-113913",latentnerf,3.0
"3dgcqa-4k/latentnerf/a_monocle,_focusing,_vintage_style@20250912-044142",latentnerf,1.7
"3dgcqa-4k/latentnerf/a_macaron,_sandwiching,_pastel_style@20250923-061308",latentnerf,2.3
"3dgcqa-4k/latentnerf/a_chai_latte,_foaming,_spicy_style@20250910-014605",latentnerf,1.1
"3dgcqa-4k/latentnerf/a_rug,_unraveling,_tribal_style@20250909-143635",latentnerf,2.1
"3dgcqa-4k/latentnerf/a_panna_cotta,_garnishing,_smooth_style@20250922-110630",latentnerf,1.3
"3dgcqa-4k/latentnerf/a_lyre,_strumming,_musical_style@20250912-011124",latentnerf,2.6
"3dgcqa-4k/latentnerf/a_urn,_sealing,_classical_style@20250912-150328",latentnerf,2.3
"3dgcqa-4k/latentnerf/a_casserole_dish,_baking,_homely_style@20250912-162204",latentnerf,0.2
"3dgcqa-4k/latentnerf/a_vase,_cracking,_antique_style@20250912-090902",latentnerf,1.9
"3dgcqa-4k/latentnerf/a_goblet,_drinking,_medieval_style@20250912-103702",latentnerf,0.6
"3dgcqa-4k/latentnerf/a_calculator,_calculating,_educational_style@20250918-070809",latentnerf,0.3
"3dgcqa-4k/latentnerf/a_washbasin,_filling,_rustic_style@20250909-050553",latentnerf,0.5
"3dgcqa-4k/latentnerf/a_hamster,_running,_cute_style@20251024-165126",latentnerf,2.0
"3dgcqa-4k/latentnerf/a_cake,_frosting,_pastel_style@20250917-212259",latentnerf,1.5
"3dgcqa-4k/latentnerf/a_quilt,_patching,_folk_art_style@20250909-030823",latentnerf,1.5
"3dgcqa-4k/latentnerf/a_chameleon,_changing,_vibrant_style@20251024-154229",latentnerf,4.0
"3dgcqa-4k/latentnerf/a_sorbet,_freezing,_refreshing_style@20250923-061125",latentnerf,0.5
"3dgcqa-4k/latentnerf/a_chili_powder,_spicing,_fiery_style@20250910-094416",latentnerf,0.2
"3dgcqa-4k/latentnerf/a_smart_thermostat,_controlling,_sleek_style@20250921-042148",latentnerf,0.0
"3dgcqa-4k/latentnerf/a_bicycle,_cycling,_adventure_style@20250922-234746",latentnerf,1.0
"3dgcqa-4k/latentnerf/a_rune_stone,_reading,_Viking_style@20250921-213546",latentnerf,0.2
"3dgcqa-4k/latentnerf/a_alpaca,_grazing,_fluffy_style@20250911-075431",latentnerf,2.2
"3dgcqa-4k/latentnerf/a_tiramisu,_layering,_Italian_style@20250923-153738",latentnerf,0.2
"3dgcqa-4k/latentnerf/a_cold_brew,_dripping,_iced_style@20250909-212050",latentnerf,1.8
"3dgcqa-4k/latentnerf/a_paintbrush,_stroking,_impressionist_style@20250922-110836",latentnerf,4.0
"3dgcqa-4k/latentnerf/a_jug,_pouring,_rustic_style@20250920-111759",latentnerf,0.0
"3dgcqa-4k/latentnerf/a_safflower,_coloring,_delicate_style@20250910-212108",latentnerf,2.6
"3dgcqa-4k/latentnerf/a_jackhammer,_breaking,_urban_style@20250911-011412",latentnerf,0.5
"3dgcqa-4k/latentnerf/a_treasure_chest,_unlocking,_pirate_style@20250910-211946",latentnerf,0.4
"3dgcqa-4k/latentnerf/a_bowl,_shattering,_comic_book_style@20250912-061956",latentnerf,1.4
"3dgcqa-4k/latentnerf/a_patchwork_quilt,_assembling,_vintage_style@20250912-132929",latentnerf,1.5
"3dgcqa-4k/latentnerf/a_pliers,_gripping,_rough_sketch_style@20250921-173550",latentnerf,1.0
"3dgcqa-4k/latentnerf/a_clay_jug,_pouring,_pastoral_style@20250923-015920",latentnerf,1.0
"3dgcqa-4k/latentnerf/a_horseradish,_shredding,_pungent_style@20250910-085520",latentnerf,2.0
"3dgcqa-4k/latentnerf/a_great_dane,_towering,_majestic_style@20250923-153737",latentnerf,0.6
"3dgcqa-4k/latentnerf/a_sledgehammer,_demolishing,_powerful_style@20251024-154336",latentnerf,2.7
"3dgcqa-4k/latentnerf/a_ancient_key,_turning,_mysterious_style@20250911-015729",latentnerf,2.2
"3dgcqa-4k/latentnerf/a_microwave,_heating,_kitchen_style@20250911-195140",latentnerf,1.1
"3dgcqa-4k/latentnerf/a_vice,_gripping,_workshop_style@20250921-175910",latentnerf,0.4
"3dgcqa-4k/latentnerf/a_periscope,_peeking,_innovative_style@20250911-210844",latentnerf,0.0
"3dgcqa-4k/latentnerf/a_scone,_buttering,_English_style@20250923-102052",latentnerf,1.1
"3dgcqa-4k/latentnerf/a_ginger_root,_grating,_zesty_style@20250910-020718",latentnerf,1.5
"3dgcqa-4k/latentnerf/a_frisbee,_flying,_outdoor_style@20250910-093929",latentnerf,0.3
"3dgcqa-4k/latentnerf/a_relic,_preserving,_sacred_style@20250912-013726",latentnerf,0.9
"3dgcqa-4k/latentnerf/a_basketball,_dunking,_dynamic_style@20250923-101053",latentnerf,2.6
"3dgcqa-4k/latentnerf/a_shield,_blocking,_steampunk_style@20250918-200205",latentnerf,1.8
"3dgcqa-4k/latentnerf/a_mint_leaf,_muddling,_refreshing_style@20250923-183019",latentnerf,2.2
"3dgcqa-4k/latentnerf/a_multitool,_integrating,_versatile_style@20251024-194036",latentnerf,1.5
"3dgcqa-4k/latentnerf/a_air_conditioner,_cooling,_summer_style@20250923-190239",latentnerf,0.5
"3dgcqa-4k/latentnerf/a_teapot,_whistling,_line_art_style@20250923-065838",latentnerf,0.7
"3dgcqa-4k/latentnerf/a_stuffed_bunny,_cuddling,_kawaii_style@20250909-160953",latentnerf,0.4
"3dgcqa-4k/latentnerf/a_chihuahua,_barking,_tiny_style@20250910-220019",latentnerf,0.4
"3dgcqa-4k/latentnerf/a_yo-yo,_looping,_classic_style@20250923-015547",latentnerf,0.6
"3dgcqa-4k/latentnerf/a_turmeric_root,_grounding,_vibrant_style@20250923-174702",latentnerf,0.6
"3dgcqa-4k/latentnerf/a_sugar_bowl,_sweetening,_vintage_style@20250911-212805",latentnerf,1.5
"3dgcqa-4k/latentnerf/a_cider,_pouring,_autumn_style@20250909-162923",latentnerf,4.6
"3dgcqa-4k/latentnerf/a_napkin,_folding,_formal_style@20250923-043954",latentnerf,0.3
"3dgcqa-4k/latentnerf/a_smoothie,_blending,_pop_art_style@20250917-212259",latentnerf,2.4
"3dgcqa-4k/latentnerf/a_fruit_bowl,_filling,_colorful_style@20250911-100354",latentnerf,0.5
"3dgcqa-4k/latentnerf/a_curtain,_hanging,_elegant_style@20250923-020247",latentnerf,1.5
"3dgcqa-4k/latentnerf/a_instant_pot,_cooking,_modern_style@20250921-223337",latentnerf,0.5
"3dgcqa-4k/latentnerf/a_curry_leaf,_sizzling,_Indian_style@20250909-040225",latentnerf,0.9
"3dgcqa-4k/latentnerf/a_pina_colada,_chilling,_holiday_style@20251024-150948",latentnerf,0.0
"3dgcqa-4k/latentnerf/a_garden_fork,_turning,_horticultural_style@20250921-084922",latentnerf,1.6
"3dgcqa-4k/latentnerf/a_pudding,_wobbling,_jiggly_style@20250921-065958",latentnerf,0.0
"3dgcqa-4k/latentnerf/a_drone,_flying,_technical_drawing_style@20251024-150857",latentnerf,1.1
"3dgcqa-4k/latentnerf/a_sundial,_shadowing,_timeless_style@20250922-195912",latentnerf,1.7
"3dgcqa-4k/latentnerf/a_crowbar,_prying,_robust_style@20251024-150940",latentnerf,0.0
"3dgcqa-4k/latentnerf/a_toy_gun,_shooting,_action-packed_style@20250918-203721",latentnerf,3.2
"3dgcqa-4k/latentnerf/a_bolt_cutter,_cutting,_forceful_style@20250920-054126",latentnerf,2.3
"3dgcqa-4k/latentnerf/a_cannoli,_stuffing,_ricotta_style@20250923-140950",latentnerf,0.4
"3dgcqa-4k/latentnerf/a_ginger_ale,_fizzing,_zesty_style@20250922-195912",latentnerf,0.5
"3dgcqa-4k/latentnerf/a_porcelain_doll,_dressing,_delicate_style@20250911-095433",latentnerf,3.0
"3dgcqa-4k/latentnerf/a_amphora,_carrying,_ancient_style@20250911-012810",latentnerf,0.8
"3dgcqa-4k/latentnerf/a_iguana,_basking,_exotic_style@20250912-094222",latentnerf,0.1
"3dgcqa-4k/latentnerf/a_ceramic_bunny,_hopping,_cute_style@20250909-210840",latentnerf,3.2
"3dgcqa-4k/latentnerf/a_poodle,_prancing,_stylish_style@20251024-183050",latentnerf,3.9
"3dgcqa-4k/latentnerf/a_macaw,_squawking,_vibrant_style@20251024-154229",latentnerf,0.8
"3dgcqa-4k/latentnerf/a_stocking,_hanging,_festive_style@20250919-062325",latentnerf,0.4
"3dgcqa-4k/latentnerf/a_parasol,_opening,_elegant_style@20250922-225529",latentnerf,2.6
"3dgcqa-4k/latentnerf/a_teapot,_pouring,_abstract_style@20250922-195912",latentnerf,1.3
"3dgcqa-4k/latentnerf/a_beanie,_knitting,_urban_style@20250918-194915",latentnerf,0.2
"3dgcqa-4k/latentnerf/a_roman_coin,_flipping,_historical_style@20250909-050949",latentnerf,0.0
"3dgcqa-4k/latentnerf/a_hot_toddy,_simmering,_warming_style@20250910-133049",latentnerf,0.0
"3dgcqa-4k/latentnerf/a_poncho,_draping,_bohemian_style@20250919-154747",latentnerf,3.0
"3dgcqa-4k/latentnerf/a_building_blocks,_stacking,_colorful_style@20250923-084916",latentnerf,3.4
"3dgcqa-4k/latentnerf/a_air_purifier,_purifying,_clean_style@20250920-023018",latentnerf,2.3
"3dgcqa-4k/latentnerf/a_silk_ribbon,_fluttering,_elegant_style@20250911-114033",latentnerf,0.0
"3dgcqa-4k/latentnerf/a_model_rocket,_launching,_educational_style@20251024-143450",latentnerf,0.5
"3dgcqa-4k/latentnerf/a_profiterole,_filling,_creamy_style@20250923-122247",latentnerf,0.7
"3dgcqa-4k/latentnerf/a_toy_drum,_banging,_rhythmic_style@20250918-152152",latentnerf,0.8
"3dgcqa-4k/latentnerf/a_mocha,_swirling,_decadent_style@20250909-035419",latentnerf,0.3
"3dgcqa-4k/latentnerf/a_marbles,_rolling,_classic_style@20250918-092942",latentnerf,1.5
"3dgcqa-4k/latentnerf/a_lemongrass_stalk,_steeping,_Thai_style@20250909-152150",latentnerf,4.3
"3dgcqa-4k/latentnerf/a_vase,_spinning,_watercolor_style@20250912-042514",latentnerf,0.1
"3dgcqa-4k/latentnerf/a_lace_doily,_decorating,_delicate_style@20250912-032219",latentnerf,0.5
"3dgcqa-4k/latentnerf/a_soldering_iron,_welding,_delicate_style@20250910-014608",latentnerf,3.0
"3dgcqa-4k/latentnerf/a_robot_vacuum,_cleaning,_automated_style@20250923-153738",latentnerf,2.0
"3dgcqa-4k/latentnerf/a_tablecloth,_spreading,_rustic_style@20250910-204120",latentnerf,1.5
"3dgcqa-4k/latentnerf/a_rosemary_sprig,_roasting,_earthy_style@20250923-170111",latentnerf,0.7
"3dgcqa-4k/latentnerf/a_velvet_cushion,_softening,_plush_style@20250911-153131",latentnerf,0.8
"3dgcqa-4k/latentnerf/a_peacock,_displaying,_regal_style@20250911-044817",latentnerf,1.0
"3dgcqa-4k/latentnerf/a_smartphone,_ringing,_futuristic_style@20250919-210657",latentnerf,0.4
"3dgcqa-4k/latentnerf/a_seltzer,_bubbling,_refreshing_style@20251024-161632",latentnerf,0.0
"3dgcqa-4k/latentnerf/a_plate,_spinning,_minimalist_style@20250912-094350",latentnerf,0.4
"3dgcqa-4k/latentnerf/a_peppermint_tea,_steaming,_soothing_style@20250922-092712",latentnerf,3.6
"3dgcqa-4k/latentnerf/a_plunger,_plunging,_household_style@20250911-104232",latentnerf,2.1
"3dgcqa-4k/latentnerf/a_paprika_dust,_sprinkling,_bold_style@20250912-031149",latentnerf,0.0
"3dgcqa-4k/latentnerf/a_basil_leaf,_crushing,_fresh_style@20250922-070021",latentnerf,2.1
"3dgcqa-4k/latentnerf/a_macaron,_stacking,_chic_style@20250919-201513",latentnerf,2.8
"3dgcqa-4k/latentnerf/a_cappuccino,_frothing,_Italian_style@20250923-015343",latentnerf,0.4
"3dgcqa-4k/latentnerf/a_turban,_wrapping,_traditional_style@20250922-225650",latentnerf,3.0
"3dgcqa-4k/latentnerf/a_bonnet,_tying,_old-fashioned_style@20250923-061050",latentnerf,1.5
"3dgcqa-4k/latentnerf/a_protein_shake,_mixing,_athletic_style@20250912-120342",latentnerf,2.5
"3dgcqa-4k/latentnerf/a_chamomile_tea,_steeping,_calming_style@20250911-202904",latentnerf,1.5
"3dgcqa-4k/latentnerf/a_leopard_gecko,_shedding,_patterned_style@20250911-082142",latentnerf,3.9
"3dgcqa-4k/latentnerf/a_sword,_clashing,_medieval_style@20251024-161551",latentnerf,0.2
"3dgcqa-4k/latentnerf/a_toy_soldier,_marching,_military_style@20250919-181523",latentnerf,2.5
"3dgcqa-4k/latentnerf/a_compass_rose,_guiding,_navigational_style@20250912-103421",latentnerf,0.4
"3dgcqa-4k/latentnerf/a_skateboard,_skating,_street_style@20250918-095137",latentnerf,1.7
"3dgcqa-4k/latentnerf/a_beer_mug,_foaming,_hand-drawn_style@20251024-175746",latentnerf,1.4
"3dgcqa-4k/latentnerf/a_sundae,_melting,_neon_style@20250919-005946",latentnerf,0.8
"3dgcqa-4k/latentnerf/a_pie,_steaming,_homestyle@20250918-032957",latentnerf,0.6
"3dgcqa-4k/latentnerf/a_clove,_piercing,_intense_style@20250923-183028",latentnerf,1.2
"3dgcqa-4k/latentnerf/a_sash,_tying,_decorative_style@20250912-155508",latentnerf,0.0
"3dgcqa-4k/latentnerf/a_doormat,_wiping,welcome_style@20251024-183159",latentnerf,1.4
"3dgcqa-4k/latentnerf/a_pottery_wheel,_turning,_rustic_style@20250923-191320",latentnerf,1.5
"3dgcqa-4k/latentnerf/a_teddy_bear,_waving,_cartoon_style@20250923-131603",latentnerf,4.5
"3dgcqa-4k/latentnerf/a_gingerbread_house,_building,_festive_style@20250917-212259",latentnerf,2.0
"3dgcqa-4k/latentnerf/a_fidget_spinner,_spinning,_trendy_style@20250923-115515",latentnerf,1.3
"3dgcqa-4k/latentnerf/a_water_bottle,_splashing,_contemporary_style@20251024-165116",latentnerf,0.2
"3dgcqa-4k/latentnerf/a_budgie,_flying,_colorful_style@20250920-122824",latentnerf,3.5
"3dgcqa-4k/latentnerf/a_flag,_waving,_patriotic_style@20250923-004147",latentnerf,2.5
"3dgcqa-4k/latentnerf/a_trowel,_smoothing,_masonry_style@20250920-142630",latentnerf,2.5
"3dgcqa-4k/latentnerf/a_digital_camera,_capturing,_photography_style@20251024-190415",latentnerf,0.5
"3dgcqa-4k/latentnerf/a_teacup,_sipping,_elegant_style@20250911-060123",latentnerf,0.1
"3dgcqa-4k/latentnerf/a_nutmeg,_grating,_spicy_style@20250910-234024",latentnerf,0.2
"3dgcqa-4k/latentnerf/a_clamp,_holding,_mechanical_style@20250911-074025",latentnerf,0.9
"3dgcqa-4k/latentnerf/a_truffle,_coating,_decadent_style@20250917-222751",latentnerf,0.6
"3dgcqa-4k/latentnerf/a_quilt,_patching,_cozy_style@20250912-142831",latentnerf,0.7
"3dgcqa-4k/latentnerf/a_burlap_sack,_tying,_utilitarian_style@20250920-013032",latentnerf,1.0
"3dgcqa-4k/latentnerf/a_brooch,_clasping,_ornate_style@20250911-171344",latentnerf,1.7
"3dgcqa-4k/latentnerf/a_slinky,_stretching,_retro_style@20251024-154208",latentnerf,1.9
"3dgcqa-4k/latentnerf/a_fruit_tart,_arranging,_colorful_style@20250918-085749",latentnerf,0.4
"3dgcqa-4k/latentnerf/a_hot_chocolate,_steaming,_digital_art_style@20250919-072504",latentnerf,0.0
"3dgcqa-4k/latentnerf/a_yoga_mat,_rolling,_zen_style@20250922-214059",latentnerf,1.4
"3dgcqa-4k/latentnerf/a_teddy_bear,_cuddling,_timeless_style@20250923-053807",latentnerf,3.6
"3dgcqa-4k/latentnerf/a_chess_set,_strategizing,_classic_style@20250923-070048",latentnerf,1.2
"3dgcqa-4k/latentnerf/a_doorbell_camera,_watching,_security_style@20250919-160042",latentnerf,0.5
"3dgcqa-4k/latentnerf/a_trampoline,_bouncing,_energetic_style@20250922-195912",latentnerf,0.0
"3dgcqa-4k/latentnerf/a_drone,_flying,_high-tech_style@20250909-071759",latentnerf,3.7
"3dgcqa-4k/latentnerf/a_VR_headset,_immersing,_artistic_style@20251024-154252",latentnerf,0.3
"3dgcqa-4k/latentnerf/a_basket,_weaving,_functional_style@20250912-045932",latentnerf,0.4
"3dgcqa-4k/latentnerf/a_pepper,_grinding,_bold_style@20250921-232050",latentnerf,2.9
"3dgcqa-4k/latentnerf/a_cocktail,_shaking,_cubist_style@20250918-202325",latentnerf,0.5
"3dgcqa-4k/latentnerf/a_blanket,_folding,_vintage_style@20250922-035411",latentnerf,2.5
"3dgcqa-4k/latentnerf/a_cookie,_crumbling,_doodle_style@20250919-105137",latentnerf,0.0
"3dgcqa-4k/latentnerf/a_action_camera,_recording,_rugged_style@20250910-112309",latentnerf,1.2
"3dgcqa-4k/latentnerf/a_robot,_walking,_sci-fi_style@20250920-043253",latentnerf,1.0
"3dgcqa-4k/latentnerf/a_cummerbund,_adjusting,_formal_style@20250923-095704",latentnerf,0.4
"3dgcqa-4k/latentnerf/a_pavlova,_topping,_fluffy_style@20250923-003904",latentnerf,1.5
"3dgcqa-4k/latentnerf/a_turmeric_latte,_mixing,_golden_style@20250922-195912",latentnerf,3.3
"3dgcqa-4k/latentnerf/a_compass,_pointing,_adventure_style@20250912-171910",latentnerf,0.5
"3dgcqa-4k/latentnerf/a_coffee_machine,_brewing,_morning_style@20250922-031238",latentnerf,0.9
"3dgcqa-4k/latentnerf/a_LED_lamp,_illuminating,_bright_style@20250923-125740",latentnerf,0.0
"3dgcqa-4k/latentnerf/a_clove,_scenting,_warm_style@20251024-143450",latentnerf,1.3
"3dgcqa-4k/latentnerf/a_husky,_howling,_winter_style@20251024-143450",latentnerf,0.0
"3dgcqa-4k/latentnerf/a_margarita,_rimming,_party_style@20251024-161547",latentnerf,1.9
"3dgcqa-4k/latentnerf/a_iced_tea,_cooling,_summer_style@20250917-214012",latentnerf,0.0
"3dgcqa-4k/latentnerf/a_Maine_Coon,_grooming,_fluffy_style@20251024-193656",latentnerf,0.5
"3dgcqa-4k/latentnerf/a_clay_tablet,_inscribing,_ancient_style@20250921-113900",latentnerf,2.5
"3dgcqa-4k/latentnerf/a_mug,_steaming,_pop_art_style@20250912-080610",latentnerf,2.7
"3dgcqa-4k/latentnerf/a_angle_grinder,_grinding,_industrial_style@20250921-084117",latentnerf,0.6
"3dgcqa-4k/latentnerf/a_pillow,_fluffing,_comfortable_style@20250912-142711",latentnerf,0.5
"3dgcqa-4k/magic3d-refine-sd_a/parasol,_opening,_elegant_style@20250920-143348",magic3d-refine-sd_a,0.5
"3dgcqa-4k/magic3d-refine-sd_a/bay_leaf,_simmering,_aromatic_style@20250923-130812",magic3d-refine-sd_a,3.0
"3dgcqa-4k/magic3d-refine-sd_a/ball,_bouncing,_surreal_style@20250921-163505",magic3d-refine-sd_a,0.4
"3dgcqa-4k/magic3d-refine-sd_a/coffee_cup,_steaming,_watercolor_style@20250920-101418",magic3d-refine-sd_a,1.5
"3dgcqa-4k/magic3d-refine-sd_a/LED_lamp,_illuminating,_bright_style@20250922-062917",magic3d-refine-sd_a,0.4
"3dgcqa-4k/magic3d-refine-sd_a/game_console,_gaming,_entertainment_style@20250922-171156",magic3d-refine-sd_a,3.2
"3dgcqa-4k/magic3d-refine-sd_a/crown,_shining,_fantasy_style@20250921-213810",magic3d-refine-sd_a,1.0
"3dgcqa-4k/magic3d-refine-sd_a/beagle,_sniffing,_active_style@20250923-122907",magic3d-refine-sd_a,3.6
"3dgcqa-4k/magic3d-refine-sd_a/ring,_enchanting,_mystical_style@20250922-120839",magic3d-refine-sd_a,0.0
"3dgcqa-4k/magic3d-refine-sd_a/turban,_wrapping,_traditional_style@20250920-101427",magic3d-refine-sd_a,2.7
"3dgcqa-4k/magic3d-refine-sd_a/toy_car,_zooming,_comic_style@20250921-152612",magic3d-refine-sd_a,4.3
"3dgcqa-4k/magic3d-refine-sd_a/play-dough,_molding,_creative_style@20250921-122614",magic3d-refine-sd_a,1.7
"3dgcqa-4k/magic3d-refine-sd_a/ancient_book,_opening,_literary_style@20250921-225335",magic3d-refine-sd_a,1.8
"3dgcqa-4k/magic3d-refine-sd_a/medallion,_shining,_ornate_style@20250922-191320",magic3d-refine-sd_a,1.7
"3dgcqa-4k/magic3d-refine-sd_a/pie,_slicing,_homemade_style@20250920-212335",magic3d-refine-sd_a,1.9
"3dgcqa-4k/magic3d-refine-sd_a/wasabi_root,_grating,_Japanese_style@20250923-030341",magic3d-refine-sd_a,3.0
"3dgcqa-4k/magic3d-refine-sd_a/lollipop,_licking,_colorful_style@20250921-172636",magic3d-refine-sd_a,3.8
"3dgcqa-4k/magic3d-refine-sd_a/handbag,_accessorizing,_stylish_style@20250921-005249",magic3d-refine-sd_a,3.6
"3dgcqa-4k/magic3d-refine-sd_a/ferret,_exploring,_playful_style@20250923-134704",magic3d-refine-sd_a,2.9
"3dgcqa-4k/magic3d-refine-sd_a/toy_boat,_sailing,_maritime_style@20250921-122251",magic3d-refine-sd_a,3.0
"3dgcqa-4k/magic3d-refine-sd_a/coriander_leaf,_garnishing,_vibrant_style@20250923-095127",magic3d-refine-sd_a,4.2
"3dgcqa-4k/magic3d-refine-sd_a/nutmeg,_grating,_spicy_style@20250922-085545",magic3d-refine-sd_a,2.8
"3dgcqa-4k/magic3d-refine-sd_a/figurine,_dancing,_anime_style@20250920-203605",magic3d-refine-sd_a,2.2
"3dgcqa-4k/magic3d-refine-sd_a/ancient_key,_turning,_mysterious_style@20250922-193503",magic3d-refine-sd_a,0.2
"3dgcqa-4k/magic3d-refine-sd_a/spade,_digging,_garden_style@20250922-032528",magic3d-refine-sd_a,1.8
"3dgcqa-4k/magic3d-refine-sd_a/cookie_jar,_opening,_nostalgic_style@20250923-193246",magic3d-refine-sd_a,0.9
"3dgcqa-4k/magic3d-refine-sd_a/iced_tea,_cooling,_summer_style@20250920-160311",magic3d-refine-sd_a,4.2
"3dgcqa-4k/magic3d-refine-sd_a/caulking_gun,_sealing,_precise_style@20250921-172042",magic3d-refine-sd_a,4.3
"3dgcqa-4k/magic3d-refine-sd_a/toy_drum,_banging,_rhythmic_style@20250920-143359",magic3d-refine-sd_a,1.8
"3dgcqa-4k/magic3d-refine-sd_a/building_blocks,_stacking,_colorful_style@20250921-073813",magic3d-refine-sd_a,0.8
"3dgcqa-4k/magic3d-refine-sd_a/glue_gun,_bonding,_crafty_style@20250922-034229",magic3d-refine-sd_a,1.3
"3dgcqa-4k/magic3d-refine-sd_a/dwarf_hamster,_scurrying,_tiny_style@20250922-170707",magic3d-refine-sd_a,3.8
"3dgcqa-4k/magic3d-refine-sd_a/crepe,_folding,_delicate_style@20250921-081515",magic3d-refine-sd_a,0.3
"3dgcqa-4k/magic3d-refine-sd_a/doll,_dancing,_anime_style@20250921-202829",magic3d-refine-sd_a,4.0
"3dgcqa-4k/magic3d-refine-sd_a/sandpaper,_sanding,_smooth_style@20250921-185428",magic3d-refine-sd_a,0.4
"3dgcqa-4k/magic3d-refine-sd_a/vase,_cracking,_antique_style@20250923-185206",magic3d-refine-sd_a,3.9
"3dgcqa-4k/magic3d-refine-sd_a/bolt_cutter,_cutting,_forceful_style@20250921-092543",magic3d-refine-sd_a,1.2
"3dgcqa-4k/magic3d-refine-sd_a/milkshake,_swirling,_retro_style@20250920-193129",magic3d-refine-sd_a,2.1
"3dgcqa-4k/magic3d-refine-sd_a/digital_camera,_capturing,_photography_style@20250923-065113",magic3d-refine-sd_a,2.6
"3dgcqa-4k/magic3d-refine-sd_a/panna_cotta,_garnishing,_smooth_style@20250923-045247",magic3d-refine-sd_a,2.3
"3dgcqa-4k/magic3d-refine-sd_a/remote_control_car,_racing,_fast-paced_style@20250920-143356",magic3d-refine-sd_a,2.1
"3dgcqa-4k/magic3d-refine-sd_a/fruit_tart,_arranging,_colorful_style@20250920-160313",magic3d-refine-sd_a,4.7
"3dgcqa-4k/magic3d-refine-sd_a/smoothie,_blending,_pop_art_style@20250920-101418",magic3d-refine-sd_a,0.9
"3dgcqa-4k/magic3d-refine-sd_a/hot_chocolate,_steaming,_digital_art_style@20250921-014121",magic3d-refine-sd_a,3.2
"3dgcqa-4k/magic3d-refine-sd_a/cookie,_crumbling,_doodle_style@20250921-065133",magic3d-refine-sd_a,2.0
"3dgcqa-4k/magic3d-refine-sd_a/chess_set,_strategizing,_classic_style@20250921-021545",magic3d-refine-sd_a,0.4
"3dgcqa-4k/magic3d-refine-sd_a/blender,_blending,_culinary_style@20250923-034007",magic3d-refine-sd_a,1.7
"3dgcqa-4k/magic3d-refine-sd_a/kite,_flying,_whimsical_style@20250921-065755",magic3d-refine-sd_a,0.5
"3dgcqa-4k/magic3d-refine-sd_a/smart_lock,_securing,_futuristic_style@20250922-065011",magic3d-refine-sd_a,1.1
"3dgcqa-4k/magic3d-refine-sd_a/sorbet,_freezing,_refreshing_style@20250922-024714",magic3d-refine-sd_a,2.6
"3dgcqa-4k/magic3d-refine-sd_a/saffron_thread,_blooming,_exotic_style@20250922-234334",magic3d-refine-sd_a,4.3
"3dgcqa-4k/magic3d-refine-sd_a/marshmallow,_toasting,_campfire_style@20250921-221955",magic3d-refine-sd_a,3.4
"3dgcqa-4k/magic3d-refine-sd_a/sock,_knitting,_homely_style@20250921-022156",magic3d-refine-sd_a,1.2
"3dgcqa-4k/magic3d-refine-sd_a/stocking,_hanging,_festive_style@20250921-011542",magic3d-refine-sd_a,2.7
"3dgcqa-4k/magic3d-refine-sd_a/turmeric_latte,_mixing,_golden_style@20250920-101418",magic3d-refine-sd_a,1.7
"3dgcqa-4k/magic3d-refine-sd_a/yoga_mat,_rolling,_zen_style@20250920-101427",magic3d-refine-sd_a,1.6
"3dgcqa-4k/magic3d-refine-sd_a/dill_weed,_sprinkling,_delicate_style@20250922-184158",magic3d-refine-sd_a,1.0
"3dgcqa-4k/magic3d-refine-sd_a/level,_balancing,_steampunk_style@20250922-225602",magic3d-refine-sd_a,0.0
"3dgcqa-4k/magic3d-refine-sd_a/level,_aligning,_accurate_style@20250921-222825",magic3d-refine-sd_a,0.3
"3dgcqa-4k/magic3d-refine-sd_a/teddy_bear,_cuddling,_timeless_style@20250921-023711",magic3d-refine-sd_a,4.3
"3dgcqa-4k/magic3d-refine-sd_a/curtain,_swaying,_victorian_style@20250923-113336",magic3d-refine-sd_a,0.6
"3dgcqa-4k/magic3d-refine-sd_a/kaleidoscope,_twisting,_colorful_style@20250923-183125",magic3d-refine-sd_a,0.4
"3dgcqa-4k/magic3d-refine-sd_a/siamese_fighting_fish,_swimming,_exotic_style@20250923-135049",magic3d-refine-sd_a,1.6
"3dgcqa-4k/magic3d-refine-sd_a/lantern,_illuminating,_vintage_style@20250921-022324",magic3d-refine-sd_a,4.3
"3dgcqa-4k/magic3d-refine-sd_a/spanner,_tightening,_mechanical_style@20250921-005131",magic3d-refine-sd_a,1.1
"3dgcqa-4k/magic3d-refine-sd_a/stuffed_animal,_cuddling,_plush_style@20250920-160321",magic3d-refine-sd_a,4.0
"3dgcqa-4k/magic3d-refine-sd_a/shovel,_digging,_outdoor_style@20250921-102813",magic3d-refine-sd_a,4.2
"3dgcqa-4k/magic3d-refine-sd_a/teddy_bear,_waving,_cartoon_style@20250921-102856",magic3d-refine-sd_a,3.7
"3dgcqa-4k/magic3d-refine-sd_a/butter_dish,_spreading,_classic_style@20250923-091339",magic3d-refine-sd_a,2.5
"3dgcqa-4k/magic3d-refine-sd_a/cortado,_sipping,_balanced_style@20250923-033439",magic3d-refine-sd_a,0.7
"3dgcqa-4k/magic3d-refine-sd_a/shawl,_weaving,_intricate_style@20250922-233959",magic3d-refine-sd_a,1.4
"3dgcqa-4k/magic3d-refine-sd_a/lemongrass_stalk,_steeping,_Thai_style@20250922-222623",magic3d-refine-sd_a,1.3
"3dgcqa-4k/magic3d-refine-sd_a/waffle,_topping,_Belgian_style@20250922-025418",magic3d-refine-sd_a,4.5
"3dgcqa-4k/magic3d-refine-sd_a/hatchet,_chopping,_rustic_style@20250921-165346",magic3d-refine-sd_a,3.5
"3dgcqa-4k/magic3d-refine-sd_a/cupcake,_decorating,_kawaii_style@20250920-201656",magic3d-refine-sd_a,2.4
"3dgcqa-4k/magic3d-refine-sd_a/gelatin,_setting,_jiggly_style@20250921-215831",magic3d-refine-sd_a,0.9
"3dgcqa-4k/magic3d-refine-sd_a/vice,_gripping,_workshop_style@20250922-074210",magic3d-refine-sd_a,3.0
"3dgcqa-4k/magic3d-refine-sd_a/beach_ball,_bouncing,_holiday_style@20250921-074249",magic3d-refine-sd_a,2.1
"3dgcqa-4k/magic3d-refine-sd_a/garden_gnome,_smiling,_whimsical_style@20250920-101417",magic3d-refine-sd_a,3.5
"3dgcqa-4k/magic3d-refine-sd_a/tablecloth,_spreading,_elegant_style@20250920-205801",magic3d-refine-sd_a,3.6
"3dgcqa-4k/magic3d-refine-sd_a/spirit_level,_leveling,_construction_style@20250922-123412",magic3d-refine-sd_a,1.3
"3dgcqa-4k/magic3d-refine-sd_a/baklava,_layering,_Middle_Eastern_style@20250921-065501",magic3d-refine-sd_a,4.4
"3dgcqa-4k/magic3d-refine-sd_a/dagger,_slicing,_heroic_style@20250922-164306",magic3d-refine-sd_a,0.7
"3dgcqa-4k/magic3d-refine-sd_a/scroll,_unrolling,_renaissance_style@20250923-012338",magic3d-refine-sd_a,3.0
"3dgcqa-4k/magic3d-refine-sd_a/blocks,_stacking,_Bauhaus_style@20250922-020739",magic3d-refine-sd_a,3.0
"3dgcqa-4k/magic3d-refine-sd_a/wool_sweater,_knitting,_handmade_style@20250923-103002",magic3d-refine-sd_a,2.6
"3dgcqa-4k/magic3d-refine-sd_a/pitcher,_overflowing,_cartoon_style@20250921-112729",magic3d-refine-sd_a,1.8
"3dgcqa-4k/magic3d-refine-sd_a/cupcake,_frosting,_celebratory_style@20250921-132300",magic3d-refine-sd_a,4.8
"3dgcqa-4k/magic3d-refine-sd_a/thai_iced_tea,_blending,_exotic_style@20250923-082440",magic3d-refine-sd_a,1.9
"3dgcqa-4k/magic3d-refine-sd_a/speaker,_blasting,_neon_style@20250923-140526",magic3d-refine-sd_a,0.5
"3dgcqa-4k/magic3d-refine-sd_a/ladder,_climbing,_high-reaching_style@20250921-141622",magic3d-refine-sd_a,0.0
"3dgcqa-4k/magic3d-refine-sd_a/VR_headset,_immersing,_futuristic_style@20250922-182213",magic3d-refine-sd_a,3.0
"3dgcqa-4k/magic3d-refine-sd_a/frisbee,_flying,_outdoor_style@20250921-171941",magic3d-refine-sd_a,1.5
"3dgcqa-4k/magic3d-refine-sd_a/star_anise,_floating,_aromatic_style@20250922-181530",magic3d-refine-sd_a,4.5
"3dgcqa-4k/magic3d-refine-sd_a/mousse,_whipping,_airy_style@20250921-081049",magic3d-refine-sd_a,0.7
"3dgcqa-4k/magic3d-refine-sd_a/urn,_sealing,_classical_style@20250920-101418",magic3d-refine-sd_a,0.5
"3dgcqa-4k/magic3d-refine-sd_a/root_beer,_foaming,_nostalgic_style@20250923-160147",magic3d-refine-sd_a,2.6
"3dgcqa-4k/magic3d-refine-sd_a/chive,_chopping,_garnish_style@20250923-021439",magic3d-refine-sd_a,2.6
"3dgcqa-4k/magic3d-refine-sd_a/tape,_measuring,_precise_style@20250920-160251",magic3d-refine-sd_a,3.9
"3dgcqa-4k/magic3d-refine-sd_a/air_purifier,_purifying,_clean_style@20250923-030302",magic3d-refine-sd_a,1.0
"3dgcqa-4k/magic3d-refine-sd_a/smartwatch,_notifying,_sleek_style@20250922-230042",magic3d-refine-sd_a,1.4
"3dgcqa-4k/magic3d-refine-sd_a/dalmatian,_spotted,_classic_style@20250923-084608",magic3d-refine-sd_a,0.0
"3dgcqa-4k/magic3d-refine-sd_a/fitness_tracker,_monitoring,_sporty_style@20250923-090042",magic3d-refine-sd_a,2.5
"3dgcqa-4k/magic3d-refine-sd_a/bubble_wand,_blowing,_fun_style@20250921-072218",magic3d-refine-sd_a,1.2
"3dgcqa-4k/magic3d-refine-sd_a/plunger,_plunging,_household_style@20250922-173420",magic3d-refine-sd_a,4.0
"3dgcqa-4k/magic3d-refine-sd_a/saffron_thread,_steeping,_luxurious_style@20250922-181624",magic3d-refine-sd_a,3.0
"3dgcqa-4k/magic3d-refine-sd_a/hair_dryer,_blowing,_salon_style@20250923-020023",magic3d-refine-sd_a,1.8
"3dgcqa-4k/magic3d-refine-sd_a/soldering_iron,_welding,_delicate_style@20250921-215748",magic3d-refine-sd_a,0.0
"3dgcqa-4k/magic3d-refine-sd_a/fidget_spinner,_spinning,_trendy_style@20250921-130237",magic3d-refine-sd_a,1.1
"3dgcqa-4k/magic3d-refine-sd_a/e-book_reader,_page-turning,_literary_style@20250921-211256",magic3d-refine-sd_a,2.8
"3dgcqa-4k/magic3d-refine-sd_a/saw,_cutting,_isometric_style@20250922-161842",magic3d-refine-sd_a,3.6
"3dgcqa-4k/magic3d-refine-sd_a/matcha_latte,_whisking,_zen_style@20250923-191317",magic3d-refine-sd_a,0.2
"3dgcqa-4k/magic3d-refine-sd_a/scarf,_fluttering,_boho_style@20250923-060148",magic3d-refine-sd_a,4.1
"3dgcqa-4k/magic3d-refine-sd_a/hot_cider,_mulling,_festive_style@20250923-111538",magic3d-refine-sd_a,1.7
"3dgcqa-4k/magic3d-refine-sd_a/stuffed_bunny,_cuddling,_kawaii_style@20250921-073213",magic3d-refine-sd_a,2.3
"3dgcqa-4k/magic3d-refine-sd_a/toy_soldier,_marching,_military_style@20250921-125934",magic3d-refine-sd_a,4.2
"3dgcqa-4k/magic3d-refine-sd_a/shield,_blocking,_steampunk_style@20250921-162801",magic3d-refine-sd_a,0.0
"3dgcqa-4k/magic3d-refine-sd_a/truffle,_coating,_decadent_style@20250921-023653",magic3d-refine-sd_a,2.0
"3dgcqa-4k/magic3d-refine-sd_a/action_figure,_posing,_heroic_style@20250921-024626",magic3d-refine-sd_a,2.1
"3dgcqa-4k/magic3d-refine-sd_a/beanie,_knitting,_urban_style@20250920-195621",magic3d-refine-sd_a,3.8
"3dgcqa-4k/magic3d-refine-sd_a/drone,_flying,_high-tech_style@20250922-131649",magic3d-refine-sd_a,3.3
"3dgcqa-4k/magic3d-refine-sd_a/pavlova,_topping,_fluffy_style@20250921-163312",magic3d-refine-sd_a,2.0
"3dgcqa-4k/magic3d-refine-sd_a/kitten,_playing,_playful_style@20250923-173130",magic3d-refine-sd_a,4.2
"3dgcqa-4k/magic3d-refine-sd_a/chihuahua,_barking,_tiny_style@20250923-134450",magic3d-refine-sd_a,2.1
"3dgcqa-4k/magic3d-refine-sd_a/cappuccino,_frothing,_Italian_style@20250920-205403",magic3d-refine-sd_a,0.0
"3dgcqa-4k/magic3d-refine-sd_a/wrench,_turning,_vintage_style@20250922-212144",magic3d-refine-sd_a,4.7
"3dgcqa-4k/magic3d-refine-sd_a/jar,_opening,_retro_style@20250921-013317",magic3d-refine-sd_a,0.0
"3dgcqa-4k/magic3d-refine-sd_a/camera,_flashing,_realistic_style@20250923-170256",magic3d-refine-sd_a,0.9
"3dgcqa-4k/magic3d-refine-sd_a/peppermint,_cooling,_refreshing_style@20250922-075933",magic3d-refine-sd_a,4.0
"3dgcqa-4k/magic3d-refine-sd_a/doughnut,_sprinkling,_playful_style@20250921-222609",magic3d-refine-sd_a,2.7
"3dgcqa-4k/magic3d-refine-sd_a/balloon,_inflating,_festive_style@20250920-101418",magic3d-refine-sd_a,2.2
"3dgcqa-4k/magic3d-refine-sd_a/hand_saw,_sawing,_traditional_style@20250921-064205",magic3d-refine-sd_a,3.3
"3dgcqa-4k/magic3d-refine-sd_a/clamp,_securing,_sturdy_style@20250922-082320",magic3d-refine-sd_a,4.7
"3dgcqa-4k/magic3d-refine-sd_a/teapot,_pouring,_abstract_style@20250920-101418",magic3d-refine-sd_a,0.4
"3dgcqa-4k/magic3d-refine-sd_a/robot_vacuum,_cleaning,_automated_style@20250922-120807",magic3d-refine-sd_a,1.6
"3dgcqa-4k/magic3d-refine-sd_a/thermostat,_adjusting,_modern_style@20250922-172831",magic3d-refine-sd_a,0.4
"3dgcqa-4k/magic3d-refine-sd_a/macaron,_stacking,_chic_style@20250921-121830",magic3d-refine-sd_a,4.3
"3dgcqa-4k/magic3d-refine-sd_a/fudge,_cutting,_rich_style@20250921-120931",magic3d-refine-sd_a,4.0
"3dgcqa-4k/magic3d-refine-sd_a/goldfish,_floating,_serene_style@20250923-172841",magic3d-refine-sd_a,3.6
"3dgcqa-4k/magic3d-refine-sd_a/tureen,_serving,_grand_style@20250923-135730",magic3d-refine-sd_a,1.9
"3dgcqa-4k/magic3d-refine-sd_a/smartphone,_ringing,_futuristic_style@20250923-065641",magic3d-refine-sd_a,0.8
"3dgcqa-4k/magic3d-refine-sd_a/compass,_pointing,_adventure_style@20250920-212405",magic3d-refine-sd_a,0.6
"3dgcqa-4k/magic3d-refine-sd_a/inkwell,_dipping,_classic_style@20250923-085513",magic3d-refine-sd_a,0.7
"3dgcqa-4k/magic3d-refine-sd_a/screwdriver,_twisting,_blueprint_style@20250922-111915",magic3d-refine-sd_a,0.5
"3dgcqa-4k/magic3d-refine-sd_a/cannoli,_stuffing,_ricotta_style@20250921-114704",magic3d-refine-sd_a,1.0
"3dgcqa-4k/magic3d-refine-sd_a/cinnamon_stick,_curling,_rustic_style@20250922-082531",magic3d-refine-sd_a,3.5
"3dgcqa-4k/magic3d-refine-sd_a/basketball,_dunking,_dynamic_style@20250921-065010",magic3d-refine-sd_a,1.7
"3dgcqa-4k/magic3d-refine-sd_a/teacup,_sipping,_elegant_style@20250923-064740",magic3d-refine-sd_a,0.4
"3dgcqa-4k/magic3d-refine-sd_a/oregano,_drying,_Mediterranean_style@20250922-234105",magic3d-refine-sd_a,4.2
"3dgcqa-4k/magic3d-refine-sd_a/chili_pepper,_sizzling,_hot_style@20250922-041409",magic3d-refine-sd_a,2.5
"3dgcqa-4k/magic3d-refine-sd_a/vanilla_bean,_splitting,_aromatic_style@20250922-035855",magic3d-refine-sd_a,3.2
"3dgcqa-4k/magic3d-refine-sd_a/yo-yo,_looping,_classic_style@20250920-212215",magic3d-refine-sd_a,1.1
"3dgcqa-4k/magic3d-refine-sd_a/eclair,_filling,_classic_style@20250921-130805",magic3d-refine-sd_a,5.0
"3dgcqa-4k/magic3d-refine-sd_a/kombucha,_fermenting,_organic_style@20250920-101418",magic3d-refine-sd_a,0.5
"3dgcqa-4k/magic3d-refine-sd_a/fitness_watch,_tracking,_active_style@20250921-203106",magic3d-refine-sd_a,0.0
"3dgcqa-4k/magic3d-refine-sd_a/curry_leaf,_sizzling,_Indian_style@20250922-172325",magic3d-refine-sd_a,4.2
"3dgcqa-4k/magic3d-refine-sd_a/clay_jug,_pouring,_pastoral_style@20250920-201430",magic3d-refine-sd_a,3.6
"3dgcqa-4k/magic3d-refine-sd_a/mortar_and_pestle,_grinding,_essential_style@20250922-134426",magic3d-refine-sd_a,0.4
"3dgcqa-4k/magic3d-refine-sd_a/tiramisu,_layering,_Italian_style@20250921-164629",magic3d-refine-sd_a,1.7
"3dgcqa-4k/magic3d-refine-sd_a/model_rocket,_launching,_educational_style@20250921-175710",magic3d-refine-sd_a,0.9
"3dgcqa-4k/magic3d-refine-sd_a/juice,_squeezing,_fresh_style@20250920-101418",magic3d-refine-sd_a,3.6
"3dgcqa-4k/magic3d-refine-sd_a/tart,_glazing,_glossy_style@20250921-171049",magic3d-refine-sd_a,0.5
"3dgcqa-4k/magic3d-refine-sd_a/soundbar,_sounding,_immersive_style@20250922-043753",magic3d-refine-sd_a,1.2
"3dgcqa-4k/magic3d-refine-sd_a/teapot,_whistling,_line_art_style@20250921-003439",magic3d-refine-sd_a,1.7
"3dgcqa-4k/magic3d-refine-sd_a/betta_fish,_fighting,_vibrant_style@20250923-023928",magic3d-refine-sd_a,3.6
"3dgcqa-4k/magic3d-refine-sd_a/slinky,_stretching,_retro_style@20250920-101418",magic3d-refine-sd_a,3.8
"3dgcqa-4k/magic3d-refine-sd_a/peacock,_displaying,_regal_style@20250922-223341",magic3d-refine-sd_a,3.1
"3dgcqa-4k/magic3d-refine-sd_a/smart_bulb,_lighting,_ambient_style@20250921-235104",magic3d-refine-sd_a,0.2
"3dgcqa-4k/magic3d-refine-sd_a/roman_coin,_flipping,_historical_style@20250921-173711",magic3d-refine-sd_a,1.2
"3dgcqa-4k/magic3d-refine-sd_a/scroll,_revealing,_mystical_style@20250921-075724",magic3d-refine-sd_a,0.5
"3dgcqa-4k/magic3d-refine-sd_a/garlic_clove,_crushing,_pungent_style@20250922-164306",magic3d-refine-sd_a,0.6
"3dgcqa-4k/magic3d-refine-sd_a/poodle,_prancing,_stylish_style@20250922-150835",magic3d-refine-sd_a,2.6
"3dgcqa-4k/magic3d-refine-sd_a/cashmere_scarf,_wrapping,_luxurious_style@20250920-143458",magic3d-refine-sd_a,3.3
"3dgcqa-4k/magic3d-refine-sd_a/dragon_egg,_hatching,_fantasy_style@20250922-035339",magic3d-refine-sd_a,4.8
"3dgcqa-4k/magic3d-refine-sd_a/parfait,_layering,_sleek_style@20250921-213222",magic3d-refine-sd_a,1.7
"3dgcqa-4k/magic3d-refine-sd_a/spinning_top,_spinning,_kinetic_style@20250920-101418",magic3d-refine-sd_a,0.5
"3dgcqa-4k/magic3d-refine-sd_a/black_pepper,_milling,_strong_style@20250923-143443",magic3d-refine-sd_a,1.9
"3dgcqa-4k/magic3d-refine-sd_a/bulldog,_drooling,_wrinkly_style@20250923-055024",magic3d-refine-sd_a,4.2
"3dgcqa-4k/magic3d-refine-sd_a/dachshund,_burrowing,_playful_style@20250922-215410",magic3d-refine-sd_a,4.7
"3dgcqa-4k/magic3d-refine-sd_a/churro,_frying,_cinnamon_style@20250921-183626",magic3d-refine-sd_a,1.9
"3dgcqa-4k/magic3d-refine-sd_a/clamp,_holding,_mechanical_style@20250922-132029",magic3d-refine-sd_a,2.4
"3dgcqa-4k/magic3d-refine-sd_a/pharaoh_mask,_staring,_egyptian_style@20250921-122118",magic3d-refine-sd_a,2.2
"3dgcqa-4k/magic3d-refine-sd_a/betta_fish,_flaring,_colorful_style@20250922-225917",magic3d-refine-sd_a,1.8
"3dgcqa-4k/magic3d-refine-sd_a/macaron,_sandwiching,_pastel_style@20250921-022348",magic3d-refine-sd_a,1.6
"3dgcqa-4k/magic3d-refine-sd_a/jigsaw_puzzle,_connecting,_detailed_style@20250920-154400",magic3d-refine-sd_a,0.9
"3dgcqa-4k/magic3d-refine-sd_a/wine_glass,_clinking,_minimalist_style@20250921-052952",magic3d-refine-sd_a,4.2
"3dgcqa-4k/magic3d-refine-sd_a/energy_drink,_electrifying,_high-tech_style@20250920-154032",magic3d-refine-sd_a,1.3
"3dgcqa-4k/magic3d-refine-sd_a/wire_cutter,_snipping,_electrical_style@20250921-222231",magic3d-refine-sd_a,0.4
"3dgcqa-4k/magic3d-refine-sd_a/shop_vac,_vacuuming,_heavy-duty_style@20250922-022927",magic3d-refine-sd_a,2.1
"3dgcqa-4k/magic3d-refine-sd_a/cinnamon_stick,_simmering,_warm_style@20250922-090212",magic3d-refine-sd_a,2.5
"3dgcqa-4k/magic3d-refine-sd_a/digital_piano,_playing,_musical_style@20250923-085912",magic3d-refine-sd_a,3.5
"3dgcqa-4k/magic3d-refine-sd_a/nail_puller,_extracting,_heavy-duty_style@20250921-113031",magic3d-refine-sd_a,2.5
"3dgcqa-4k/magic3d-refine-sd_a/rocking_horse,_rocking,_nostalgic_style@20250921-023130",magic3d-refine-sd_a,3.6
"3dgcqa-4k/magic3d-refine-sd_a/chariot_wheel,_rolling,_epic_style@20250922-085608",magic3d-refine-sd_a,3.0
"3dgcqa-4k/magic3d-refine-sd_a/silk_ribbon,_fluttering,_elegant_style@20250923-002820",magic3d-refine-sd_a,2.5
"3dgcqa-4k/magic3d-refine-sd_a/canary,_singing,_bright_style@20250923-190906",magic3d-refine-sd_a,2.8
"3dgcqa-4k/mvdream-sd21-rescale0.5/a_brooch,_clasping,_ornate_style@20251026-231705",mvdream-sd21-rescale0.5,1.5
"3dgcqa-4k/mvdream-sd21-rescale0.5/a_e-reader,_displaying,_minimalistic_style@20251026-122626",mvdream-sd21-rescale0.5,4.0
"3dgcqa-4k/mvdream-sd21-rescale0.5/a_tiramisu,_layering,_Italian_style@20251027-111727",mvdream-sd21-rescale0.5,4.6
"3dgcqa-4k/mvdream-sd21-rescale0.5/a_dog,_barking,_comic_style@20251026-130859",mvdream-sd21-rescale0.5,3.0
"3dgcqa-4k/mvdream-sd21-rescale0.5/a_bulldog,_drooling,_wrinkly_style@20251026-142254",mvdream-sd21-rescale0.5,4.4
"3dgcqa-4k/mvdream-sd21-rescale0.5/a_budgie,_flying,_colorful_style@20251026-180656",mvdream-sd21-rescale0.5,4.5
"3dgcqa-4k/mvdream-sd21-rescale0.5/a_smoothie,_blending,_pop_art_style@20251026-143748",mvdream-sd21-rescale0.5,4.1
"3dgcqa-4k/mvdream-sd21-rescale0.5/a_urn,_sealing,_classical_style@20251027-054429",mvdream-sd21-rescale0.5,4.3
"3dgcqa-4k/mvdream-sd21-rescale0.5/a_smart_lock,_securing,_futuristic_style@20251025-192721",mvdream-sd21-rescale0.5,1.4
"3dgcqa-4k/mvdream-sd21-rescale0.5/a_espresso,_dripping,_Italian_cafe_style@20251025-151352",mvdream-sd21-rescale0.5,3.3
"3dgcqa-4k/mvdream-sd21-rescale0.5/a_tapestry,_embroidering,_detailed_style@20251026-222410",mvdream-sd21-rescale0.5,4.0
"3dgcqa-4k/mvdream-sd21-rescale0.5/a_hair_dryer,_blowing,_salon_style@20251026-232540",mvdream-sd21-rescale0.5,4.1
"3dgcqa-4k/mvdream-sd21-rescale0.5/a_train_set,_assembling,_intricate_style@20251026-125619",mvdream-sd21-rescale0.5,3.5
"3dgcqa-4k/mvdream-sd21-rescale0.5/a_soundbar,_sounding,_immersive_style@20251026-023448",mvdream-sd21-rescale0.5,4.4
"3dgcqa-4k/mvdream-sd21-rescale0.5/a_parrot,_talking,_doodle_style@20251026-143855",mvdream-sd21-rescale0.5,4.6
"3dgcqa-4k/mvdream-sd21-rescale0.5/a_smartphone,_ringing,_futuristic_style@20251026-053945",mvdream-sd21-rescale0.5,0.6
"3dgcqa-4k/mvdream-sd21-rescale0.5/a_matcha_latte,_whisking,_zen_style@20251026-053426",mvdream-sd21-rescale0.5,4.8
"3dgcqa-4k/mvdream-sd21-rescale0.5/a_turban,_wrapping,_traditional_style@20251027-090422",mvdream-sd21-rescale0.5,3.0
"3dgcqa-4k/mvdream-sd21-rescale0.5/a_teddy_bear,_cuddling,_timeless_style@20251026-121935",mvdream-sd21-rescale0.5,1.4
"3dgcqa-4k/mvdream-sd21-rescale0.5/a_peacock,_displaying,_regal_style@20251026-123346",mvdream-sd21-rescale0.5,3.2
"3dgcqa-4k/mvdream-sd21-rescale0.5/a_lego_set,_building,_creative_style@20251025-162948",mvdream-sd21-rescale0.5,4.7
"3dgcqa-4k/mvdream-sd21-rescale0.5/a_basketball,_dunking,_dynamic_style@20251026-020707",mvdream-sd21-rescale0.5,4.6
"3dgcqa-4k/mvdream-sd21-rescale0.5/a_hot_toddy,_warming,_cozy_style@20251026-025209",mvdream-sd21-rescale0.5,3.6
"3dgcqa-4k/mvdream-sd21-rescale0.5/a_protein_shake,_mixing,_athletic_style@20251026-000903",mvdream-sd21-rescale0.5,3.2
"3dgcqa-4k/mvdream-sd21-rescale0.5/a_guinea_pig,_nibbling,_detailed_style@20251026-081515",mvdream-sd21-rescale0.5,3.3
"3dgcqa-4k/mvdream-sd21-rescale0.5/a_toy_soldier,_marching,_military_style@20251026-120618",mvdream-sd21-rescale0.5,3.7
"3dgcqa-4k/mvdream-sd21-rescale0.5/a_plush_toy,_hugging,_soft_style@20251025-225418",mvdream-sd21-rescale0.5,4.1
"3dgcqa-4k/mvdream-sd21-rescale0.5/a_tablecloth,_spreading,_elegant_style@20251028-030716",mvdream-sd21-rescale0.5,4.6
"3dgcqa-4k/mvdream-sd21-rescale0.5/a_lyre,_strumming,_musical_style@20251027-011956",mvdream-sd21-rescale0.5,4.0
"3dgcqa-4k/mvdream-sd21-rescale0.5/a_chili_powder,_spicing,_fiery_style@20251027-092809",mvdream-sd21-rescale0.5,1.8
"3dgcqa-4k/mvdream-sd21-rescale0.5/a_beach_ball,_bouncing,_holiday_style@20251026-101801",mvdream-sd21-rescale0.5,4.0
"3dgcqa-4k/mvdream-sd21-rescale0.5/a_red_wine,_breathing,_elegant_style@20251027-005457",mvdream-sd21-rescale0.5,1.9
"3dgcqa-4k/mvdream-sd21-rescale0.5/a_stocking,_hanging,_festive_style@20251027-105936",mvdream-sd21-rescale0.5,4.7
"3dgcqa-4k/mvdream-sd21-rescale0.5/a_dwarf_hamster,_scurrying,_tiny_style@20251026-175711",mvdream-sd21-rescale0.5,2.4
"3dgcqa-4k/mvdream-sd21-rescale0.5/a_garden_fork,_turning,_horticultural_style@20251026-171324",mvdream-sd21-rescale0.5,0.3
"3dgcqa-4k/mvdream-sd21-rescale0.5/a_hand_saw,_sawing,_traditional_style@20251025-080501",mvdream-sd21-rescale0.5,4.4
"3dgcqa-4k/mvdream-sd21-rescale0.5/a_stein,_clinking,_festive_style@20251026-211555",mvdream-sd21-rescale0.5,3.3
"3dgcqa-4k/mvdream-sd21-rescale0.5/a_siamese_cat,_stalking,_sleek_style@20251026-215552",mvdream-sd21-rescale0.5,4.5
"3dgcqa-4k/mvdream-sd21-rescale0.5/a_peppermint,_cooling,_refreshing_style@20251027-080549",mvdream-sd21-rescale0.5,4.3
"3dgcqa-4k/mvdream-sd21-rescale0.5/a_robot,_walking,_sci-fi_style@20251026-205845",mvdream-sd21-rescale0.5,3.3
"3dgcqa-4k/mvdream-sd21-rescale0.5/a_quilt,_patching,_cozy_style@20251027-072406",mvdream-sd21-rescale0.5,0.5
"3dgcqa-4k/mvdream-sd21-rescale0.5/a_panna_cotta,_garnishing,_smooth_style@20251026-232803",mvdream-sd21-rescale0.5,0.7
"3dgcqa-4k/mvdream-sd21-rescale0.5/a_chai_latte,_foaming,_spicy_style@20251025-181709",mvdream-sd21-rescale0.5,4.3
"3dgcqa-4k/mvdream-sd21-rescale0.5/a_chamomile_tea,_steeping,_calming_style@20251025-192725",mvdream-sd21-rescale0.5,4.0
"3dgcqa-4k/mvdream-sd21-rescale0.5/a_cookie_jar,_opening,_nostalgic_style@20251027-041438",mvdream-sd21-rescale0.5,2.0
"3dgcqa-4k/mvdream-sd21-rescale0.5/a_calculator,_calculating,_educational_style@20251026-110325",mvdream-sd21-rescale0.5,3.7
"3dgcqa-4k/mvdream-sd21-rescale0.5/a_puzzle_box,_solving,_intricate_style@20251026-013527",mvdream-sd21-rescale0.5,2.8
"3dgcqa-4k/mvdream-sd21-rescale0.5/a_kitten,_playing,_playful_style@20251027-011446",mvdream-sd21-rescale0.5,3.7
"3dgcqa-4k/mvdream-sd21-rescale0.5/a_bolt_cutter,_cutting,_forceful_style@20251025-205234",mvdream-sd21-rescale0.5,4.7
"3dgcqa-4k/mvdream-sd21-rescale0.5/a_basket,_weaving,_functional_style@20251027-203151",mvdream-sd21-rescale0.5,4.4
"3dgcqa-4k/mvdream-sd21-rescale0.5/a_action_camera,_recording,_rugged_style@20251027-022427",mvdream-sd21-rescale0.5,1.7
"3dgcqa-4k/mvdream-sd21-rescale0.5/a_churro,_frying,_cinnamon_style@20251026-215211",mvdream-sd21-rescale0.5,4.2
"3dgcqa-4k/mvdream-sd21-rescale0.5/a_siamese_fighting_fish,_swimming,_exotic_style@20251026-041349",mvdream-sd21-rescale0.5,0.4
"3dgcqa-4k/mvdream-sd21-rescale0.5/a_pie,_slicing,_homemade_style@20251027-101827",mvdream-sd21-rescale0.5,4.0
"3dgcqa-4k/mvdream-sd21-rescale0.5/a_action_figure,_posing,_superhero_style@20251026-112021",mvdream-sd21-rescale0.5,1.2
"3dgcqa-4k/mvdream-sd21-rescale0.5/a_corgi,_running,_energetic_style@20251025-222754",mvdream-sd21-rescale0.5,3.4
"3dgcqa-4k/mvdream-sd21-rescale0.5/a_vase,_cracking,_antique_style@20251027-033543",mvdream-sd21-rescale0.5,4.6
"3dgcqa-4k/mvdream-sd21-rescale0.5/a_hatchet,_chopping,_rustic_style@20251026-045259",mvdream-sd21-rescale0.5,4.8
"3dgcqa-4k/mvdream-sd21-rescale0.5/a_blocks,_stacking,_Bauhaus_style@20251025-112016",mvdream-sd21-rescale0.5,1.0
"3dgcqa-4k/mvdream-sd21-rescale0.5/a_remote_control_car,_racing,_fast-paced_style@20251025-134127",mvdream-sd21-rescale0.5,4.4
"3dgcqa-4k/mvdream-sd21-rescale0.5/a_porcelain_doll,_dressing,_delicate_style@20251027-145004",mvdream-sd21-rescale0.5,4.7
"3dgcqa-4k/mvdream-sd21-rescale0.5/a_garlic_clove,_crushing,_pungent_style@20251027-103517",mvdream-sd21-rescale0.5,0.9
"3dgcqa-4k/mvdream-sd21-rescale0.5/a_espresso_martini,_shaking,_classy_style@20251025-163501",mvdream-sd21-rescale0.5,1.1
"3dgcqa-4k/mvdream-sd21-rescale0.5/a_beanie,_knitting,_urban_style@20251027-102206",mvdream-sd21-rescale0.5,5.0
"3dgcqa-4k/mvdream-sd21-rescale0.5/a_shovel,_digging,_outdoor_style@20251027-003954",mvdream-sd21-rescale0.5,3.2
"3dgcqa-4k/mvdream-sd21-rescale0.5/a_gaming_mouse,_clicking,_responsive_style@20251026-035805",mvdream-sd21-rescale0.5,3.5
"3dgcqa-4k/mvdream-sd21-rescale0.5/a_malt_shake,_thickening,_creamy_style@20251026-112812",mvdream-sd21-rescale0.5,3.3
"3dgcqa-4k/mvdream-sd21-rescale0.5/a_cinnamon_stick,_simmering,_warm_style@20251026-232614",mvdream-sd21-rescale0.5,0.9
"3dgcqa-4k/mvdream-sd21-rescale0.5/a_protein_shake,_mixing,_fitness_style@20251025-180331",mvdream-sd21-rescale0.5,3.5
"3dgcqa-4k/mvdream-sd21-rescale0.5/a_baklava,_layering,_Middle_Eastern_style@20251027-024730",mvdream-sd21-rescale0.5,4.6
"3dgcqa-4k/mvdream-sd21-rescale0.5/a_trowel,_smoothing,_masonry_style@20251025-103801",mvdream-sd21-rescale0.5,4.1
"3dgcqa-4k/mvdream-sd21-rescale0.5/a_Maine_Coon,_grooming,_fluffy_style@20251025-210555",mvdream-sd21-rescale0.5,3.9
"3dgcqa-4k/mvdream-sd21-rescale0.5/a_green_smoothie,_blending,_healthy_style@20251026-182217",mvdream-sd21-rescale0.5,0.6
"3dgcqa-4k/mvdream-sd21-rescale0.5/a_piglet,_snorting,_adorable_style@20251025-223633",mvdream-sd21-rescale0.5,2.2
"3dgcqa-4k/mvdream-sd21-rescale0.5/a_stuffed_animal,_cuddling,_plush_style@20251025-235407",mvdream-sd21-rescale0.5,0.8
"3dgcqa-4k/mvdream-sd21-rescale0.5/a_burlap_sack,_tying,_utilitarian_style@20251027-120032",mvdream-sd21-rescale0.5,3.8
"3dgcqa-4k/mvdream-sd21-rescale0.5/a_saffron_thread,_steeping,_luxurious_style@20251027-002918",mvdream-sd21-rescale0.5,4.3
"3dgcqa-4k/mvdream-sd21-rescale0.5/a_pillow,_fluffing,_comfortable_style@20251028-003122",mvdream-sd21-rescale0.5,4.8
"3dgcqa-4k/mvdream-sd21-rescale0.5/a_goblet,_drinking,_medieval_style@20251027-061640",mvdream-sd21-rescale0.5,1.2
"3dgcqa-4k/mvdream-sd21-rescale0.5/a_kaleidoscope,_twisting,_colorful_style@20251026-191105",mvdream-sd21-rescale0.5,0.6
"3dgcqa-4k/mvdream-sd21-rescale0.5/a_helmet,_wearing,_protective_style@20251027-191934",mvdream-sd21-rescale0.5,4.4
"3dgcqa-4k/mvdream-sd21-rescale0.5/a_cashmere_scarf,_wrapping,_luxurious_style@20251027-094545",mvdream-sd21-rescale0.5,1.0
"3dgcqa-4k/mvdream-sd21-rescale0.5/a_butter_dish,_spreading,_classic_style@20251027-024348",mvdream-sd21-rescale0.5,4.8
"3dgcqa-4k/mvdream-sd21-rescale0.5/a_tape,_measuring,_precise_style@20251026-222035",mvdream-sd21-rescale0.5,3.6
"3dgcqa-4k/mvdream-sd21-rescale0.5/a_sledgehammer,_demolishing,_powerful_style@20251026-065709",mvdream-sd21-rescale0.5,4.1
"3dgcqa-4k/mvdream-sd21-rescale0.5/a_GPS_device,_navigating,_modern_style@20251025-092141",mvdream-sd21-rescale0.5,1.1
"3dgcqa-4k/mvdream-sd21-rescale0.5/a_juice,_squeezing,_fresh_style@20251025-195003",mvdream-sd21-rescale0.5,2.5
"3dgcqa-4k/mvdream-sd21-rescale0.5/a_air_purifier,_purifying,_clean_style@20251026-164040",mvdream-sd21-rescale0.5,0.5
"3dgcqa-4k/mvdream-sd21-rescale0.5/a_broom,_sweeping,_traditional_style@20251026-054544",mvdream-sd21-rescale0.5,4.6
"3dgcqa-4k/mvdream-sd21-rescale0.5/a_lizard,_climbing,_geometric_style@20251026-065307",mvdream-sd21-rescale0.5,4.7
"3dgcqa-4k/mvdream-sd21-rescale0.5/a_dollhouse,_decorating,_miniature_style@20251026-135114",mvdream-sd21-rescale0.5,1.0
"3dgcqa-4k/mvdream-sd21-rescale0.5/a_ankh,_holding,_symbolic_style@20251027-065257",mvdream-sd21-rescale0.5,4.6
"3dgcqa-4k/mvdream-sd21-rescale0.5/a_crepe,_filling,_delicate_style@20251027-115723",mvdream-sd21-rescale0.5,4.6
"3dgcqa-4k/mvdream-sd21-rescale0.5/a_plunger,_unclogging,_essential_style@20251026-095424",mvdream-sd21-rescale0.5,2.1
"3dgcqa-4k/mvdream-sd21-rescale0.5/a_soda_can,_fizzing,_pixel_art_style@20251025-092731",mvdream-sd21-rescale0.5,1.9
"3dgcqa-4k/mvdream-sd21-rescale0.5/a_glue_gun,_bonding,_crafty_style@20251026-212505",mvdream-sd21-rescale0.5,4.6
"3dgcqa-4k/mvdream-sd21-rescale0.5/a_chisel,_carving,_photorealistic_style@20251025-191607",mvdream-sd21-rescale0.5,4.6
"3dgcqa-4k/mvdream-sd21-rescale0.5/a_fudge,_cutting,_rich_style@20251027-034850",mvdream-sd21-rescale0.5,4.0
"3dgcqa-4k/mvdream-sd21-rescale0.5/a_Bluetooth_speaker,_blasting,_portable_style@20251025-094222",mvdream-sd21-rescale0.5,2.8
"3dgcqa-4k/mvdream-sd21-rescale0.5/a_cold_brew,_dripping,_iced_style@20251026-025319",mvdream-sd21-rescale0.5,3.5
"3dgcqa-4k/mvdream-sd21-rescale0.5/a_oregano,_drying,_Mediterranean_style@20251027-132933",mvdream-sd21-rescale0.5,3.7
"3dgcqa-4k/mvdream-sd21-rescale0.5/a_printer,_printing,_monochrome_style@20251025-221253",mvdream-sd21-rescale0.5,1.8
"3dgcqa-4k/mvdream-sd21-rescale0.5/a_guinea_pig,_squeaking,_cuddly_style@20251026-012136",mvdream-sd21-rescale0.5,3.5
"3dgcqa-4k/mvdream-sd21-rescale0.5/a_monocle,_focusing,_vintage_style@20251027-021942",mvdream-sd21-rescale0.5,1.5
"3dgcqa-4k/mvdream-sd21-rescale0.5/a_lantern,_illuminating,_vintage_style@20251027-073155",mvdream-sd21-rescale0.5,4.3
"3dgcqa-4k/mvdream-sd21-rescale0.5/a_ginger_ale,_fizzing,_zesty_style@20251025-223141",mvdream-sd21-rescale0.5,0.8
"3dgcqa-4k/mvdream-sd21-rescale0.5/a_ginger_root,_grating,_zesty_style@20251026-225403",mvdream-sd21-rescale0.5,4.1
"3dgcqa-4k/mvdream-sd21-rescale0.5/a_turmeric_root,_grinding,_vibrant_style@20251027-125257",mvdream-sd21-rescale0.5,1.1
"3dgcqa-4k/mvdream-sd21-rescale0.5/a_energy_drink,_electrifying,_high-tech_style@20251026-141759",mvdream-sd21-rescale0.5,0.8
"3dgcqa-4k/mvdream-sd21-rescale0.5/a_yo-yo,_looping,_classic_style@20251026-104516",mvdream-sd21-rescale0.5,0.6
"3dgcqa-4k/mvdream-sd21-rescale0.5/a_juniper_berry,_infusing,_gin_style@20251027-115403",mvdream-sd21-rescale0.5,1.0
"3dgcqa-4k/mvdream-sd21-rescale0.5/a_iced_tea,_cooling,_summer_style@20251026-060943",mvdream-sd21-rescale0.5,1.1
"3dgcqa-4k/mvdream-sd21-rescale0.5/a_blender,_blending,_culinary_style@20251025-140345",mvdream-sd21-rescale0.5,2.9
"3dgcqa-4k/mvdream-sd21-rescale0.5/a_model_airplane,_constructing,_detailed_style@20251026-161228",mvdream-sd21-rescale0.5,4.8
"3dgcqa-4k/mvdream-sd21-rescale0.5/a_fitness_tracker,_monitoring,_sporty_style@20251025-153700",mvdream-sd21-rescale0.5,1.6
"3dgcqa-4k/mvdream-sd21-rescale0.5/a_spanner,_tightening,_mechanical_style@20251026-220809",mvdream-sd21-rescale0.5,3.8
"3dgcqa-4k/mvdream-sd21-rescale0.5/a_safflower,_coloring,_delicate_style@20251027-114425",mvdream-sd21-rescale0.5,4.3
"3dgcqa-4k/mvdream-sd21-rescale0.5/a_dachshund,_burrowing,_playful_style@20251025-170514",mvdream-sd21-rescale0.5,4.5
"3dgcqa-4k/mvdream-sd21-rescale0.5/a_clamp,_holding,_mechanical_style@20251026-225353",mvdream-sd21-rescale0.5,4.0
"3dgcqa-4k/mvdream-sd21-rescale0.5/a_relic,_preserving,_sacred_style@20251027-042626",mvdream-sd21-rescale0.5,4.6
"3dgcqa-4k/mvdream-sd21-rescale0.5/a_chess_set,_strategizing,_classic_style@20251026-003930",mvdream-sd21-rescale0.5,0.6
"3dgcqa-4k/mvdream-sd21-rescale0.5/a_periscope,_peeking,_innovative_style@20251027-001422",mvdream-sd21-rescale0.5,4.2
"3dgcqa-4k/mvdream-sd21-rescale0.5/a_chameleon,_changing,_vibrant_style@20251025-104853",mvdream-sd21-rescale0.5,2.5
"3dgcqa-4k/mvdream-sd21-rescale0.5/a_gelato,_scooping,_Italian_style@20251026-222520",mvdream-sd21-rescale0.5,4.5
"3dgcqa-4k/mvdream-sd21-rescale0.5/a_seltzer,_bubbling,_refreshing_style@20251025-093106",mvdream-sd21-rescale0.5,4.0
"3dgcqa-4k/mvdream-sd21-rescale0.5/a_clay_tablet,_inscribing,_ancient_style@20251026-215114",mvdream-sd21-rescale0.5,3.7
"3dgcqa-4k/mvdream-sd21-rescale0.5/a_toy_gun,_shooting,_action-packed_style@20251027-011128",mvdream-sd21-rescale0.5,4.0
"3dgcqa-4k/mvdream-sd21-rescale0.5/a_canary,_singing,_melodic_style@20251025-105819",mvdream-sd21-rescale0.5,4.2
"3dgcqa-4k/mvdream-sd21-rescale0.5/a_drone,_flying,_high-tech_style@20251027-001244",mvdream-sd21-rescale0.5,1.4
"3dgcqa-4k/mvdream-sd21-rescale0.5/a_remote-controlled_drone,_flying,_techy_style@20251026-175916",mvdream-sd21-rescale0.5,4.5
"3dgcqa-4k/mvdream-sd21-rescale0.5/a_fruit_tart,_arranging,_colorful_style@20251026-235941",mvdream-sd21-rescale0.5,1.0
"3dgcqa-4k/mvdream-sd21-rescale0.5/a_coffee_cup,_steaming,_watercolor_style@20251025-080501",mvdream-sd21-rescale0.5,3.7
"3dgcqa-4k/mvdream-sd21-rescale0.5/a_balloon,_inflating,_festive_style@20251026-211555",mvdream-sd21-rescale0.5,4.8
"3dgcqa-4k/mvdream-sd21-rescale0.5/a_fitness_watch,_tracking,_active_style@20251027-020551",mvdream-sd21-rescale0.5,3.9
"3dgcqa-4k/mvdream-sd21-rescale0.5/a_koi_fish,_swimming,_ornamental_style@20251026-000127",mvdream-sd21-rescale0.5,4.3
"3dgcqa-4k/mvdream-sd21-rescale0.5/a_cardamom_pod,_bursting,_fragrant_style@20251027-003206",mvdream-sd21-rescale0.5,4.6
"3dgcqa-4k/mvdream-sd21-rescale0.5/a_poodle,_prancing,_stylish_style@20251026-083553",mvdream-sd21-rescale0.5,0.7
"3dgcqa-4k/mvdream-sd21-rescale0.5/a_building_blocks,_stacking,_colorful_style@20251026-135933",mvdream-sd21-rescale0.5,1.3
"3dgcqa-4k/mvdream-sd21-rescale0.5/a_salt_shaker,_shaking,_functional_style@20251026-215752",mvdream-sd21-rescale0.5,3.5
"3dgcqa-4k/mvdream-sd21-rescale0.5/a_shawl,_weaving,_intricate_style@20251026-225413",mvdream-sd21-rescale0.5,3.8
"3dgcqa-4k/mvdream-sd21-rescale0.5/a_hedgehog,_curling,_spiky_style@20251025-140835",mvdream-sd21-rescale0.5,4.6
"3dgcqa-4k/mvdream-sd21-rescale0.5/a_sugar_bowl,_sweetening,_vintage_style@20251027-180519",mvdream-sd21-rescale0.5,4.4
"3dgcqa-4k/mvdream-sd21-rescale0.5/a_spade,_digging,_garden_style@20251026-190413",mvdream-sd21-rescale0.5,4.4
"3dgcqa-4k/mvdream-sd21-rescale0.5/a_truffle,_coating,_decadent_style@20251027-105223",mvdream-sd21-rescale0.5,0.7
"3dgcqa-4k/mvdream-sd21-rescale0.5/a_toy_car,_zooming,_comic_style@20251025-170516",mvdream-sd21-rescale0.5,3.8
"3dgcqa-4k/mvdream-sd21-rescale0.5/a_frappe,_blending,_cold_style@20251026-083535",mvdream-sd21-rescale0.5,3.1
"3dgcqa-4k/mvdream-sd21-rescale0.5/a_compass,_pointing,_adventure_style@20251027-070028",mvdream-sd21-rescale0.5,1.6
"3dgcqa-4k/mvdream-sd21-rescale0.5/a_digital_camera,_capturing,_photography_style@20251027-000315",mvdream-sd21-rescale0.5,1.7
"3dgcqa-4k/mvdream-sd21-rescale0.5/a_air_conditioner,_cooling,_summer_style@20251026-070524",mvdream-sd21-rescale0.5,4.4
"3dgcqa-4k/mvdream-sd21-rescale0.5/a_vodka_tonic,_mixing,_night_out_style@20251025-080501",mvdream-sd21-rescale0.5,3.8
"3dgcqa-4k/mvdream-sd21-rescale0.5/a_flashlight,_illuminating,_functional_style@20251026-094602",mvdream-sd21-rescale0.5,4.4
"3dgcqa-4k/mvdream-sd21-rescale0.5/a_screwdriver,_twisting,_blueprint_style@20251026-003948",mvdream-sd21-rescale0.5,3.6
"3dgcqa-4k/mvdream-sd21-rescale0.5/a_flag,_waving,_patriotic_style@20251026-232856",mvdream-sd21-rescale0.5,0.9
"3dgcqa-4k/mvdream-sd21-rescale0.5/a_brownie,_baking,_fudgy_style@20251028-041252",mvdream-sd21-rescale0.5,4.0
"3dgcqa-4k/mvdream-sd21-rescale0.5/a_compass_rose,_guiding,_navigational_style@20251027-223713",mvdream-sd21-rescale0.5,2.1
"3dgcqa-4k/mvdream-sd21-rescale0.5/a_horse,_galloping,_fantasy_style@20251026-081958",mvdream-sd21-rescale0.5,1.1
"3dgcqa-4k/mvdream-sd21-rescale0.5/a_washbasin,_filling,_rustic_style@20251027-050404",mvdream-sd21-rescale0.5,4.2
"3dgcqa-4k/mvdream-sd21-rescale0.5/a_iced_mocha,_blending,_sweet_style@20251025-205646",mvdream-sd21-rescale0.5,1.8
"3dgcqa-4k/mvdream-sd21-rescale0.5/a_mustard_seed,_popping,_tangy_style@20251027-010059",mvdream-sd21-rescale0.5,4.6
"3dgcqa-4k/mvdream-sd21-rescale0.5/a_skateboard,_skating,_street_style@20251025-150938",mvdream-sd21-rescale0.5,4.7
"3dgcqa-4k/mvdream-sd21-rescale0.5/a_profiterole,_filling,_creamy_style@20251027-091152",mvdream-sd21-rescale0.5,4.6
"3dgcqa-4k/mvdream-sd21-rescale0.5/a_marshmallow,_toasting,_campfire_style@20251027-055039",mvdream-sd21-rescale0.5,4.4
"3dgcqa-4k/mvdream-sd21-rescale0.5/a_ferret,_exploring,_playful_style@20251025-170141",mvdream-sd21-rescale0.5,4.4
"3dgcqa-4k/mvdream-sd21-rescale0.5/a_chihuahua,_barking,_tiny_style@20251025-093357",mvdream-sd21-rescale0.5,4.6
"3dgcqa-4k/mvdream-sd21-rescale0.5/a_tablet,_swiping,_cyberpunk_style@20251025-204516",mvdream-sd21-rescale0.5,4.7
"3dgcqa-4k/mvdream-sd21-rescale0.5/a_model_rocket,_launching,_educational_style@20251026-173338",mvdream-sd21-rescale0.5,1.0
"3dgcqa-4k/mvdream-sd21-rescale0.5/a_toy_plane,_soaring,_aviation_style@20251026-073249",mvdream-sd21-rescale0.5,0.8
"3dgcqa-4k/mvdream-sd21-rescale0.5/a_play-dough,_molding,_creative_style@20251026-052352",mvdream-sd21-rescale0.5,3.7
"3dgcqa-4k/mvdream-sd21-rescale0.5/a_mocha,_swirling,_decadent_style@20251026-210737",mvdream-sd21-rescale0.5,4.6
"3dgcqa-4k/mvdream-sd21-rescale0.5/a_quill,_writing,_classical_style@20251027-054537",mvdream-sd21-rescale0.5,2.8
"3dgcqa-4k/mvdream-sd21-rescale0.5/a_poncho,_draping,_bohemian_style@20251027-113032",mvdream-sd21-rescale0.5,2.7
"3dgcqa-4k/mvdream-sd21-rescale0.5/a_jigsaw_puzzle,_connecting,_detailed_style@20251025-212425",mvdream-sd21-rescale0.5,4.6
"3dgcqa-4k/mvdream-sd21-rescale0.5/a_ratchet,_ratcheting,_efficient_style@20251026-231242",mvdream-sd21-rescale0.5,3.5
"3dgcqa-4k/mvdream-sd21-rescale0.5/a_rabbit,_hopping,_line_art_style@20251026-112845",mvdream-sd21-rescale0.5,4.6
"3dgcqa-4k/mvdream-sd21-rescale0.5/a_e-book_reader,_page-turning,_literary_style@20251025-144921",mvdream-sd21-rescale0.5,1.8
"3dgcqa-4k/mvdream-sd21-rescale0.5/a_mallet,_pounding,_robust_style@20251026-194119",mvdream-sd21-rescale0.5,3.2
"3dgcqa-4k/mvdream-sd21-rescale0.5/a_birdbath,_filling,_garden_style@20251027-155322",mvdream-sd21-rescale0.5,0.4
"3dgcqa-4k/mvdream-sd21-rescale0.5/a_teacup,_sipping,_elegant_style@20251027-134659",mvdream-sd21-rescale0.5,1.7
"3dgcqa-4k/mvdream-sd21-rescale0.5/a_wind-up_toy,_moving,_mechanical_style@20251027-015128",mvdream-sd21-rescale0.5,2.2
"3dgcqa-4k/mvdream-sd21-rescale0.5/a_eclair,_glazing,_French_style@20251027-122933",mvdream-sd21-rescale0.5,2.9
"3dgcqa-4k/mvdream-sd21-rescale0.5/a_saw,_cutting,_isometric_style@20251026-015754",mvdream-sd21-rescale0.5,0.4
"3dgcqa-4k/mvdream-sd21-rescale0.5/a_fidget_spinner,_spinning,_trendy_style@20251026-161250",mvdream-sd21-rescale0.5,4.6
"3dgcqa-4k/mvdream-sd21-rescale0.5/a_video_doorbell,_monitoring,_smart_style@20251026-221716",mvdream-sd21-rescale0.5,4.5
"3dgcqa-4k/mvdream-sd21-rescale0.5/a_cummerbund,_adjusting,_formal_style@20251027-081015",mvdream-sd21-rescale0.5,4.0
"3dgcqa-4k/mvdream-sd21-rescale0.5/a_ball,_bouncing,_surreal_style@20251025-080501",mvdream-sd21-rescale0.5,1.0
"3dgcqa-4k/mvdream-sd21-rescale0.5/a_fish,_swimming,_watercolor_style@20251026-155240",mvdream-sd21-rescale0.5,4.5
"3dgcqa-4k/mvdream-sd21-rescale0.5/a_smart_thermostat,_controlling,_sleek_style@20251027-012100",mvdream-sd21-rescale0.5,2.3
"3dgcqa-4k/mvdream-sd21-rescale0.5/a_parasol,_opening,_elegant_style@20251027-042610",mvdream-sd21-rescale0.5,3.6
"3dgcqa-4k/mvdream-sd21-rescale0.5/a_gecko,_sticking,_adhesive_style@20251026-130207",mvdream-sd21-rescale0.5,4.4
"3dgcqa-4k/mvdream-sd21-rescale0.5/a_anvil,_forging,_medieval_style@20251025-175942",mvdream-sd21-rescale0.5,3.5
"3dgcqa-4k/mvdream-sd21-rescale0.5/a_iguana,_basking,_exotic_style@20251025-210912",mvdream-sd21-rescale0.5,4.5
"3dgcqa-4k/mvdream-sd21-rescale0.5/a_thermostat,_adjusting,_modern_style@20251026-134650",mvdream-sd21-rescale0.5,4.4
"3dgcqa-4k/mvdream-sd21-rescale0.5/a_alpaca,_grazing,_fluffy_style@20251026-135350",mvdream-sd21-rescale0.5,3.6
"3dgcqa-4k/mvdream-sd21-rescale0.5/a_herbal_infusion,_brewing,_natural_style@20251026-100301",mvdream-sd21-rescale0.5,2.2
"3dgcqa-4k/mvdream-sd21-rescale0.5/a_sangria,_infusing,_fruity_style@20251026-070706",mvdream-sd21-rescale0.5,0.8
"3dgcqa-4k/mvdream-sd21-rescale0.5/a_fossil,_excavating,_prehistoric_style@20251027-210312",mvdream-sd21-rescale0.5,1.8
"3dgcqa-4k/mvdream-sd21-rescale0.5/a_cupcake,_frosting,_celebratory_style@20251026-211555",mvdream-sd21-rescale0.5,4.8
"3dgcqa-4k/mvdream-sd21-rescale0.5/a_scroll,_revealing,_mystical_style@20251027-080652",mvdream-sd21-rescale0.5,3.3
"3dgcqa-4k/mvdream-sd21-rescale0.5/a_tapestry,_weaving,_historical_style@20251027-091145",mvdream-sd21-rescale0.5,4.3
"3dgcqa-4k/mvdream-sd21-rescale0.5/a_cannoli,_stuffing,_ricotta_style@20251027-101556",mvdream-sd21-rescale0.5,4.2
"3dgcqa-4k/mvdream-sd21-rescale0.5/a_kombucha,_fermenting,_probiotic_style@20251026-085228",mvdream-sd21-rescale0.5,2.3
"3dgcqa-4k/mvdream-sd21-rescale0.5/a_level,_aligning,_accurate_style@20251026-195910",mvdream-sd21-rescale0.5,2.6
"3dgcqa-4k/mvdream-sd21-rescale0.5/a_casserole_dish,_baking,_homely_style@20251027-062310",mvdream-sd21-rescale0.5,1.9
"3dgcqa-4k/mvdream-sd21-rescale0.5/a_hedge_trimmer,_trimming,_garden_style@20251026-235846",mvdream-sd21-rescale0.5,4.5
"3dgcqa-4k/mvdream-sd21-rescale0.5/a_instant_pot,_cooking,_modern_style@20251025-080501",mvdream-sd21-rescale0.5,0.5
"3dgcqa-4k/mvdream-sd21-rescale0.5/a_harpoon,_thrusting,_whaling_style@20251028-000426",mvdream-sd21-rescale0.5,1.7
"3dgcqa-4k/mvdream-sd21-rescale0.5/a_paprika_dust,_sprinkling,_bold_style@20251027-020725",mvdream-sd21-rescale0.5,0.3
"3dgcqa-4k/mvdream-sd21-rescale0.5/a_macaw,_squawking,_vibrant_style@20251025-154127",mvdream-sd21-rescale0.5,4.4
"3dgcqa-4k/mvdream-sd21-rescale0.5/a_laptop,_typing,_flat_design_style@20251026-065814",mvdream-sd21-rescale0.5,3.5
"3dgcqa-4k/mvdream-sd21-rescale0.5/a_macaron,_sandwiching,_pastel_style@20251028-033556",mvdream-sd21-rescale0.5,4.5
"3dgcqa-4k/mvdream-sd21-rescale0.5/a_coriander_leaf,_garnishing,_vibrant_style@20251027-013458",mvdream-sd21-rescale0.5,2.4
"3dgcqa-4k/mvdream-sd21-rescale0.5/a_kombucha,_fermenting,_organic_style@20251026-041842",mvdream-sd21-rescale0.5,0.7
"3dgcqa-4k/mvdream-sd21-rescale0.5/a_smartwatch,_notifying,_sleek_style@20251027-013845",mvdream-sd21-rescale0.5,1.1
"3dgcqa-4k/mvdream-sd21-rescale0.5/a_level,_balancing,_steampunk_style@20251025-174342",mvdream-sd21-rescale0.5,4.6
"3dgcqa-4k/mvdream-sd21-rescale0.5/a_ladder,_climbing,_high-reaching_style@20251025-221749",mvdream-sd21-rescale0.5,4.5
"3dgcqa-4k/mvdream-sd21-rescale0.5/a_bunny,_nibbling,_soft_style@20251026-011748",mvdream-sd21-rescale0.5,2.6
"3dgcqa-4k/mvdream-sd21-rescale0.5/a_sextant,_aligning,_nautical_style@20251027-083904",mvdream-sd21-rescale0.5,4.6
"3dgcqa-4k/mvdream-sd21-rescale0.5/a_puzzle_piece,_fitting,_flat_style@20251025-200042",mvdream-sd21-rescale0.5,4.4
"3dgcqa-4k/mvdream-sd21-rescale0.5/a_trowel,_spreading,_masonry_style@20251026-145242",mvdream-sd21-rescale0.5,0.9
"3dgcqa-4k/mvdream-sd21-rescale0.5/a_rune_stone,_reading,_Viking_style@20251027-220744",mvdream-sd21-rescale0.5,4.3
"3dgcqa-4k/mvdream-sd21-rescale0.5/a_doormat,_wiping,welcome_style@20251028-024011",mvdream-sd21-rescale0.5,3.1
"3dgcqa-4k/mvdream-sd21-rescale0.5/a_train,_chugging,_illustrative_style@20251025-095137",mvdream-sd21-rescale0.5,1.7
"3dgcqa-4k/mvdream-sd21-rescale0.5/a_spinning_top,_spinning,_kinetic_style@20251026-144453",mvdream-sd21-rescale0.5,4.7
"3dgcqa-4k/score-distillation-via-inversion/a_cashmere_scarf,_wrapping,_luxurious_style@20250814-012440",score-distillation-via-inversion,4.5
"3dgcqa-4k/score-distillation-via-inversion/a_clay_jug,_pouring,_pastoral_style@20250813-182126",score-distillation-via-inversion,4.2
"3dgcqa-4k/score-distillation-via-inversion/a_koi_fish,_swimming,_ornamental_style@20250813-093958",score-distillation-via-inversion,2.5
"3dgcqa-4k/score-distillation-via-inversion/a_herbal_infusion,_brewing,_natural_style@20250812-024527",score-distillation-via-inversion,0.9
"3dgcqa-4k/score-distillation-via-inversion/a_energy_drink,_electrifying,_high-tech_style@20250811-154150",score-distillation-via-inversion,1.3
"3dgcqa-4k/score-distillation-via-inversion/a_shop_vac,_vacuuming,_heavy-duty_style@20250922-115824",score-distillation-via-inversion,3.5
"3dgcqa-4k/score-distillation-via-inversion/a_remote_control_car,_racing,_fast-paced_style@20250811-230923",score-distillation-via-inversion,0.0
"3dgcqa-4k/score-distillation-via-inversion/a_chili_pepper,_sizzling,_hot_style@20250814-174952",score-distillation-via-inversion,4.5
"3dgcqa-4k/score-distillation-via-inversion/a_lemongrass_stalk,_steeping,_Thai_style@20250814-165338",score-distillation-via-inversion,0.9
"3dgcqa-4k/score-distillation-via-inversion/a_mustard_seed,_popping,_tangy_style@20250814-160254",score-distillation-via-inversion,2.6
"3dgcqa-4k/score-distillation-via-inversion/a_air_conditioner,_cooling,_summer_style@20250812-204209",score-distillation-via-inversion,2.2
"3dgcqa-4k/score-distillation-via-inversion/a_glue_gun,_bonding,_crafty_style@20250812-173135",score-distillation-via-inversion,0.5
"3dgcqa-4k/score-distillation-via-inversion/a_gecko,_sticking,_adhesive_style@20250813-080930",score-distillation-via-inversion,3.0
"3dgcqa-4k/score-distillation-via-inversion/a_tabby_cat,_lounging,_relaxed_style@20250813-072937",score-distillation-via-inversion,1.9
"3dgcqa-4k/score-distillation-via-inversion/a_stein,_clinking,_festive_style@20250922-115302",score-distillation-via-inversion,1.2
"3dgcqa-4k/score-distillation-via-inversion/a_matcha_latte,_whisking,_zen_style@20250812-054157",score-distillation-via-inversion,2.3
"3dgcqa-4k/score-distillation-via-inversion/a_scooter,_riding,_urban_style@20250922-195059",score-distillation-via-inversion,4.1
"3dgcqa-4k/score-distillation-via-inversion/a_Bluetooth_speaker,_blasting,_portable_style@20250922-125615",score-distillation-via-inversion,2.7
"3dgcqa-4k/score-distillation-via-inversion/a_chisel,_carving,_photorealistic_style@20250812-164531",score-distillation-via-inversion,0.3
"3dgcqa-4k/score-distillation-via-inversion/a_angle_grinder,_grinding,_industrial_style@20250812-161037",score-distillation-via-inversion,4.0
"3dgcqa-4k/score-distillation-via-inversion/a_peppermint,_cooling,_refreshing_style@20250814-133611",score-distillation-via-inversion,1.2
"3dgcqa-4k/score-distillation-via-inversion/a_hatchet,_chopping,_rustic_style@20250812-132917",score-distillation-via-inversion,2.5
"3dgcqa-4k/score-distillation-via-inversion/a_protein_shake,_mixing,_fitness_style@20250812-052109",score-distillation-via-inversion,2.5
"3dgcqa-4k/score-distillation-via-inversion/a_canary,_singing,_melodic_style@20250813-014838",score-distillation-via-inversion,3.3
"3dgcqa-4k/score-distillation-via-inversion/a_compass,_pointing,_adventure_style@20250813-224247",score-distillation-via-inversion,2.0
"3dgcqa-4k/score-distillation-via-inversion/a_clove,_piercing,_intense_style@20250922-171956",score-distillation-via-inversion,2.4
"3dgcqa-4k/score-distillation-via-inversion/a_washbasin,_filling,_rustic_style@20250813-170439",score-distillation-via-inversion,0.5
"3dgcqa-4k/score-distillation-via-inversion/a_fitness_watch,_tracking,_active_style@20250812-195115",score-distillation-via-inversion,3.3
"3dgcqa-4k/score-distillation-via-inversion/a_juice,_squeezing,_fresh_style@20250922-185848",score-distillation-via-inversion,3.5
"3dgcqa-4k/score-distillation-via-inversion/a_beach_ball,_bouncing,_holiday_style@20250922-144054",score-distillation-via-inversion,3.8
"3dgcqa-4k/score-distillation-via-inversion/a_graphics_tablet,_drawing,_artistic_style@20250922-125039",score-distillation-via-inversion,2.1
"3dgcqa-4k/score-distillation-via-inversion/a_doormat,_wiping,welcome_style@20250814-044036",score-distillation-via-inversion,4.4
"3dgcqa-4k/score-distillation-via-inversion/a_smart_bulb,_lighting,_ambient_style@20250813-014832",score-distillation-via-inversion,4.6
"3dgcqa-4k/score-distillation-via-inversion/a_printer,_printing,_monochrome_style@20250812-214000",score-distillation-via-inversion,2.5
"3dgcqa-4k/score-distillation-via-inversion/a_fondue_pot,_bubbling,_convivial_style@20250813-170439",score-distillation-via-inversion,3.5
"3dgcqa-4k/score-distillation-via-inversion/a_hedgehog,_curling,_spiky_style@20250813-082152",score-distillation-via-inversion,4.4
"3dgcqa-4k/score-distillation-via-inversion/a_turmeric_root,_grounding,_vibrant_style@20250814-150345",score-distillation-via-inversion,0.8
"3dgcqa-4k/score-distillation-via-inversion/a_vice,_gripping,_workshop_style@20250812-142929",score-distillation-via-inversion,0.6
"3dgcqa-4k/score-distillation-via-inversion/a_teapot,_pouring,_abstract_style@20250813-122246",score-distillation-via-inversion,4.5
"3dgcqa-4k/score-distillation-via-inversion/a_oil_lamp,_lighting,_traditional_style@20250813-101050",score-distillation-via-inversion,2.7
"3dgcqa-4k/score-distillation-via-inversion/a_thai_iced_tea,_blending,_exotic_style@20250922-153529",score-distillation-via-inversion,2.7
"3dgcqa-4k/score-distillation-via-inversion/a_clove,_scenting,_warm_style@20250922-170212",score-distillation-via-inversion,0.0
"3dgcqa-4k/score-distillation-via-inversion/a_saffron_thread,_blooming,_exotic_style@20250922-160921",score-distillation-via-inversion,4.4
"3dgcqa-4k/score-distillation-via-inversion/a_kitten,_playing,_playful_style@20250813-071931",score-distillation-via-inversion,4.2
"3dgcqa-4k/score-distillation-via-inversion/a_laptop,_typing,_flat_design_style@20250812-182537",score-distillation-via-inversion,1.0
"3dgcqa-4k/score-distillation-via-inversion/a_porcelain_doll,_dressing,_delicate_style@20250813-135438",score-distillation-via-inversion,3.6
"3dgcqa-4k/score-distillation-via-inversion/a_eclair,_filling,_classic_style@20250814-125401",score-distillation-via-inversion,4.2
"3dgcqa-4k/score-distillation-via-inversion/a_nail_puller,_extracting,_heavy-duty_style@20250812-140456",score-distillation-via-inversion,4.6
"3dgcqa-4k/score-distillation-via-inversion/a_poodle,_prancing,_stylish_style@20250922-180200",score-distillation-via-inversion,3.4
"3dgcqa-4k/score-distillation-via-inversion/a_frisbee,_flying,_outdoor_style@20250812-070919",score-distillation-via-inversion,1.7
"3dgcqa-4k/score-distillation-via-inversion/a_stocking,_hanging,_festive_style@20250814-070439",score-distillation-via-inversion,1.2
"3dgcqa-4k/score-distillation-via-inversion/a_digital_piano,_playing,_musical_style@20250813-023030",score-distillation-via-inversion,3.5
"3dgcqa-4k/score-distillation-via-inversion/a_VR_headset,_immersing,_futuristic_style@20250813-002311",score-distillation-via-inversion,3.1
"3dgcqa-4k/score-distillation-via-inversion/a_poncho,_draping,_bohemian_style@20250814-011115",score-distillation-via-inversion,1.6
"3dgcqa-4k/score-distillation-via-inversion/a_lego_set,_building,_creative_style@20250812-072111",score-distillation-via-inversion,4.6
"3dgcqa-4k/score-distillation-via-inversion/a_jackhammer,_breaking,_urban_style@20250922-105958",score-distillation-via-inversion,1.3
"3dgcqa-4k/score-distillation-via-inversion/a_teapot,_whistling,_line_art_style@20250811-232853",score-distillation-via-inversion,1.3
"3dgcqa-4k/score-distillation-via-inversion/a_pottery_wheel,_turning,_rustic_style@20250813-122224",score-distillation-via-inversion,1.5
"3dgcqa-4k/score-distillation-via-inversion/a_compass_rose,_guiding,_navigational_style@20250814-001540",score-distillation-via-inversion,4.3
"3dgcqa-4k/score-distillation-via-inversion/a_model_airplane,_constructing,_detailed_style@20250812-104601",score-distillation-via-inversion,1.7
"3dgcqa-4k/score-distillation-via-inversion/a_chalice,_filling,_ceremonial_style@20250813-101309",score-distillation-via-inversion,2.9
"3dgcqa-4k/score-distillation-via-inversion/a_jade_amulet,_glowing,_mystical_style@20250922-205126",score-distillation-via-inversion,3.6
"3dgcqa-4k/score-distillation-via-inversion/a_cat,_purring,_cartoon_style@20250813-031322",score-distillation-via-inversion,3.7
"3dgcqa-4k/score-distillation-via-inversion/a_herbal_tea,_steeping,_calming_style@20250812-073057",score-distillation-via-inversion,3.5
"3dgcqa-4k/score-distillation-via-inversion/a_truffle,_coating,_decadent_style@20250814-103101",score-distillation-via-inversion,2.5
"3dgcqa-4k/score-distillation-via-inversion/a_tile,_cracking,_graffiti_style@20250922-172907",score-distillation-via-inversion,0.0
"3dgcqa-4k/score-distillation-via-inversion/a_parakeet,_chirping,_lively_style@20250813-084304",score-distillation-via-inversion,3.9
"3dgcqa-4k/score-distillation-via-inversion/a_wasabi_root,_grating,_Japanese_style@20250814-191353",score-distillation-via-inversion,2.4
"3dgcqa-4k/score-distillation-via-inversion/a_dagger,_slicing,_heroic_style@20250813-225327",score-distillation-via-inversion,3.8
"3dgcqa-4k/score-distillation-via-inversion/a_kaleidoscope,_twisting,_colorful_style@20250812-074123",score-distillation-via-inversion,1.6
"3dgcqa-4k/score-distillation-via-inversion/a_blanket,_folding,_vintage_style@20250814-071702",score-distillation-via-inversion,1.0
"3dgcqa-4k/score-distillation-via-inversion/a_ceramic_heart,_beating,_romantic_style@20250813-183936",score-distillation-via-inversion,4.3
"3dgcqa-4k/score-distillation-via-inversion/a_salt_shaker,_shaking,_functional_style@20250813-163150",score-distillation-via-inversion,3.7
"3dgcqa-4k/score-distillation-via-inversion/a_smartwatch,_notifying,_sleek_style@20250812-225007",score-distillation-via-inversion,3.2
"3dgcqa-4k/score-distillation-via-inversion/a_wire_cutter,_snipping,_electrical_style@20250812-192048",score-distillation-via-inversion,4.5
"3dgcqa-4k/score-distillation-via-inversion/a_multitool,_integrating,_versatile_style@20250812-120206",score-distillation-via-inversion,2.4
"3dgcqa-4k/score-distillation-via-inversion/a_ancient_key,_turning,_mysterious_style@20250922-214802",score-distillation-via-inversion,3.7
"3dgcqa-4k/score-distillation-via-inversion/a_chess_set,_strategizing,_classic_style@20250812-083829",score-distillation-via-inversion,4.4
"3dgcqa-4k/score-distillation-via-inversion/a_puzzle_piece,_fitting,_flat_style@20250922-125426",score-distillation-via-inversion,0.4
"3dgcqa-4k/score-distillation-via-inversion/a_chihuahua,_barking,_tiny_style@20250813-074906",score-distillation-via-inversion,3.1
"3dgcqa-4k/score-distillation-via-inversion/a_scroll,_unrolling,_renaissance_style@20250813-175243",score-distillation-via-inversion,2.7
"3dgcqa-4k/score-distillation-via-inversion/a_trowel,_spreading,_masonry_style@20250812-162340",score-distillation-via-inversion,0.0
"3dgcqa-4k/score-distillation-via-inversion/a_jigsaw_puzzle,_connecting,_detailed_style@20250812-040918",score-distillation-via-inversion,3.3
"3dgcqa-4k/score-distillation-via-inversion/a_iguana,_basking,_exotic_style@20250813-042831",score-distillation-via-inversion,1.9
"3dgcqa-4k/score-distillation-via-inversion/a_clay_tablet,_inscribing,_ancient_style@20250814-000037",score-distillation-via-inversion,4.0
"3dgcqa-4k/score-distillation-via-inversion/a_beagle,_sniffing,_active_style@20250813-033123",score-distillation-via-inversion,3.7
"3dgcqa-4k/score-distillation-via-inversion/a_horseradish,_shredding,_pungent_style@20250814-180219",score-distillation-via-inversion,0.8
"3dgcqa-4k/score-distillation-via-inversion/a_cortado,_sipping,_balanced_style@20250812-024529",score-distillation-via-inversion,4.5
"3dgcqa-4k/score-distillation-via-inversion/a_satin_sheet,_draping,_luxury_style@20250814-043407",score-distillation-via-inversion,4.6
"3dgcqa-4k/score-distillation-via-inversion/a_flag,_waving,_patriotic_style@20250814-060116",score-distillation-via-inversion,0.4
"3dgcqa-4k/score-distillation-via-inversion/a_fruit_tart,_arranging,_colorful_style@20250814-142707",score-distillation-via-inversion,4.6
"3dgcqa-4k/score-distillation-via-inversion/a_Maine_Coon,_grooming,_fluffy_style@20250922-154611",score-distillation-via-inversion,2.4
"3dgcqa-4k/score-distillation-via-inversion/a_profiterole,_filling,_creamy_style@20250922-152314",score-distillation-via-inversion,4.0
"3dgcqa-4k/score-distillation-via-inversion/a_puppy,_wagging,_joyful_style@20250813-050522",score-distillation-via-inversion,3.4
"3dgcqa-4k/score-distillation-via-inversion/a_wine_glass,_clinking,_minimalist_style@20250812-045440",score-distillation-via-inversion,2.1
"3dgcqa-4k/score-distillation-via-inversion/a_jug,_pouring,_rustic_style@20250813-144732",score-distillation-via-inversion,4.1
"3dgcqa-4k/score-distillation-via-inversion/a_baklava,_layering,_Middle_Eastern_style@20250814-114105",score-distillation-via-inversion,4.5
"3dgcqa-4k/score-distillation-via-inversion/a_chive,_chopping,_garnish_style@20250922-120231",score-distillation-via-inversion,4.0
"3dgcqa-4k/score-distillation-via-inversion/a_smartwatch,_beeping,_vector_style@20250813-023948",score-distillation-via-inversion,2.4
"3dgcqa-4k/score-distillation-via-inversion/a_guinea_pig,_nibbling,_detailed_style@20250813-030843",score-distillation-via-inversion,2.5
"3dgcqa-4k/score-distillation-via-inversion/a_hammer,_swinging,_sketch_style@20250812-193237",score-distillation-via-inversion,4.7
"3dgcqa-4k/score-distillation-via-inversion/a_ceramic_egg,_cracking,_surprise_style@20250813-134402",score-distillation-via-inversion,3.8
"3dgcqa-4k/score-distillation-via-inversion/a_dragon_vase,_roaring,_mythical_style@20250813-121737",score-distillation-via-inversion,1.1
"3dgcqa-4k/score-distillation-via-inversion/a_yoga_mat,_rolling,_zen_style@20250922-145652",score-distillation-via-inversion,4.2
"3dgcqa-4k/score-distillation-via-inversion/a_cannonball,_firing,_historical_style@20250813-194754",score-distillation-via-inversion,0.0
"3dgcqa-4k/score-distillation-via-inversion/a_ginger_root,_grating,_zingy_style@20250814-181429",score-distillation-via-inversion,1.8
"3dgcqa-4k/score-distillation-via-inversion/a_angel_food_cake,_slicing,_airy_style@20250814-142758",score-distillation-via-inversion,2.0
"3dgcqa-4k/score-distillation-via-inversion/a_sundae,_melting,_neon_style@20250814-054726",score-distillation-via-inversion,3.0
"3dgcqa-4k/score-distillation-via-inversion/a_bunny,_nibbling,_soft_style@20250813-014249",score-distillation-via-inversion,4.6
"3dgcqa-4k/score-distillation-via-inversion/a_magic_set,_performing,_magician_style@20250922-154244",score-distillation-via-inversion,4.5
"3dgcqa-4k/score-distillation-via-inversion/a_projector,_projecting,_cinematic_style@20250812-211700",score-distillation-via-inversion,3.0
"3dgcqa-4k/score-distillation-via-inversion/a_remote-controlled_drone,_flying,_techy_style@20250812-085315",score-distillation-via-inversion,2.2
"3dgcqa-4k/score-distillation-via-inversion/a_sandal,_wearing,_ancient_style@20250813-212721",score-distillation-via-inversion,3.5
"3dgcqa-4k/score-distillation-via-inversion/a_dress,_twirling,_art_deco_style@20250814-053606",score-distillation-via-inversion,2.0
"3dgcqa-4k/score-distillation-via-inversion/a_astrolabe,_exploring,_navigational_style@20250813-223759",score-distillation-via-inversion,2.0
"3dgcqa-4k/score-distillation-via-inversion/a_trifle,_layering,_festive_style@20250814-131147",score-distillation-via-inversion,0.0
"3dgcqa-4k/score-distillation-via-inversion/a_lemonade,_dripping,_graffiti_style@20250812-040425",score-distillation-via-inversion,2.7
"3dgcqa-4k/score-distillation-via-inversion/a_crepe,_filling,_delicate_style@20250814-095240",score-distillation-via-inversion,1.1
"3dgcqa-4k/score-distillation-via-inversion/a_jar,_opening,_retro_style@20250813-105726",score-distillation-via-inversion,3.6
"3dgcqa-4k/score-distillation-via-inversion/a_brownie,_baking,_cozy_style@20250922-141607",score-distillation-via-inversion,0.0
"3dgcqa-4k/score-distillation-via-inversion/a_sundial,_shadowing,_timeless_style@20250813-172242",score-distillation-via-inversion,1.0
"3dgcqa-4k/score-distillation-via-inversion/a_peppermint_tea,_steaming,_soothing_style@20250812-091014",score-distillation-via-inversion,3.1
"3dgcqa-4k/score-distillation-via-inversion/a_corgi,_running,_energetic_style@20250813-072224",score-distillation-via-inversion,4.3
"3dgcqa-4k/score-distillation-via-inversion/a_crown,_shining,_fantasy_style@20250813-182808",score-distillation-via-inversion,3.4
"3dgcqa-4k/score-distillation-via-inversion/a_gelatin,_setting,_jiggly_style@20250814-085831",score-distillation-via-inversion,3.4
"3dgcqa-4k/score-distillation-via-inversion/a_dalmatian,_spotted,_classic_style@20250813-075525",score-distillation-via-inversion,2.7
"3dgcqa-4k/score-distillation-via-inversion/a_e-reader,_displaying,_minimalistic_style@20250922-115055",score-distillation-via-inversion,2.2
"3dgcqa-4k/score-distillation-via-inversion/a_toy_soldier,_marching,_military_style@20250812-081049",score-distillation-via-inversion,4.5
"3dgcqa-4k/score-distillation-via-inversion/a_periscope,_peeking,_innovative_style@20250922-124935",score-distillation-via-inversion,4.5
"3dgcqa-4k/score-distillation-via-inversion/a_hair_dryer,_blowing,_salon_style@20250812-211839",score-distillation-via-inversion,2.5
"3dgcqa-4k/score-distillation-via-inversion/a_bandana,_tying,_rugged_style@20250814-042252",score-distillation-via-inversion,2.6
"3dgcqa-4k/score-distillation-via-inversion/a_soda_can,_fizzing,_pixel_art_style@20250922-115935",score-distillation-via-inversion,1.5
"3dgcqa-4k/score-distillation-via-inversion/a_shield,_blocking,_steampunk_style@20250813-200922",score-distillation-via-inversion,0.6
"3dgcqa-4k/score-distillation-via-inversion/a_hourglass,_measuring,_timeless_style@20250813-224810",score-distillation-via-inversion,1.3
"3dgcqa-4k/score-distillation-via-inversion/a_seltzer,_bubbling,_refreshing_style@20250811-154158",score-distillation-via-inversion,3.0
"3dgcqa-4k/score-distillation-via-inversion/a_green_smoothie,_blending,_healthy_style@20250812-055522",score-distillation-via-inversion,1.5
"3dgcqa-4k/score-distillation-via-inversion/a_fennel_seed,_cracking,_fresh_style@20250814-192315",score-distillation-via-inversion,4.3
"3dgcqa-4k/score-distillation-via-inversion/a_roman_coin,_flipping,_historical_style@20250814-002230",score-distillation-via-inversion,2.0
"3dgcqa-4k/score-distillation-via-inversion/a_chai_latte,_foaming,_spicy_style@20250812-024527",score-distillation-via-inversion,3.2
"3dgcqa-4k/score-distillation-via-inversion/a_doorbell_camera,_watching,_security_style@20250922-124413",score-distillation-via-inversion,3.1
"3dgcqa-4k/score-distillation-via-inversion/a_mint_leaf,_muddling,_refreshing_style@20250922-175624",score-distillation-via-inversion,4.8
"3dgcqa-4k/score-distillation-via-inversion/a_wind-up_toy,_moving,_mechanical_style@20250812-083652",score-distillation-via-inversion,4.0
"3dgcqa-4k/score-distillation-via-inversion/a_sugar_bowl,_sweetening,_vintage_style@20250813-102533",score-distillation-via-inversion,3.6
"3dgcqa-4k/score-distillation-via-inversion/a_mosaic_tile,_fitting,_intricate_style@20250813-110003",score-distillation-via-inversion,4.0
"3dgcqa-4k/score-distillation-via-inversion/a_nutmeg,_grating,_spiced_style@20250814-204222",score-distillation-via-inversion,2.5
"3dgcqa-4k/score-distillation-via-inversion/a_samurai_sword,_unsheathing,_warrior_style@20250813-182912",score-distillation-via-inversion,0.5
"3dgcqa-4k/score-distillation-via-inversion/a_safflower,_coloring,_delicate_style@20250922-105958",score-distillation-via-inversion,1.2
"3dgcqa-4k/score-distillation-via-inversion/a_yo-yo,_looping,_classic_style@20250922-170022",score-distillation-via-inversion,2.9
"3dgcqa-4k/score-distillation-via-inversion/a_cinnamon_stick,_simmering,_warm_style@20250814-180444",score-distillation-via-inversion,2.2
"3dgcqa-4k/score-distillation-via-inversion/a_curtain,_swaying,_victorian_style@20250814-045902",score-distillation-via-inversion,2.0
"3dgcqa-4k/score-distillation-via-inversion/a_anvil,_forging,_medieval_style@20250812-141335",score-distillation-via-inversion,3.4
"3dgcqa-4k/score-distillation-via-inversion/a_blender,_blending,_culinary_style@20250812-201024",score-distillation-via-inversion,1.8
"3dgcqa-4k/score-distillation-via-inversion/a_lyre,_strumming,_musical_style@20250813-200706",score-distillation-via-inversion,3.0
"3dgcqa-4k/score-distillation-via-inversion/a_mocha,_swirling,_decadent_style@20250811-231523",score-distillation-via-inversion,3.3
"3dgcqa-4k/score-distillation-via-inversion/a_butter_dish,_spreading,_classic_style@20250813-131859",score-distillation-via-inversion,1.4
"3dgcqa-4k/score-distillation-via-inversion/a_soldering_iron,_welding,_delicate_style@20250922-105958",score-distillation-via-inversion,0.5
"3dgcqa-4k/score-distillation-via-inversion/a_e-book_reader,_page-turning,_literary_style@20250812-213738",score-distillation-via-inversion,1.6
"3dgcqa-4k/score-distillation-via-inversion/a_tiramisu,_layering,_Italian_style@20250922-161942",score-distillation-via-inversion,2.8
"3dgcqa-4k/score-distillation-via-inversion/a_sangria,_infusing,_fruity_style@20250812-024529",score-distillation-via-inversion,1.4
"3dgcqa-4k/score-distillation-via-inversion/a_marshmallow,_toasting,_campfire_style@20250814-132038",score-distillation-via-inversion,1.2
"3dgcqa-4k/score-distillation-via-inversion/a_amphora,_carrying,_ancient_style@20250813-171854",score-distillation-via-inversion,1.1
"3dgcqa-4k/score-distillation-via-inversion/a_ferret,_exploring,_playful_style@20250922-124748",score-distillation-via-inversion,1.5
"3dgcqa-4k/score-distillation-via-inversion/a_wrench,_turning,_vintage_style@20250922-134525",score-distillation-via-inversion,1.0
"3dgcqa-4k/score-distillation-via-inversion/a_sword,_clashing,_medieval_style@20250922-191937",score-distillation-via-inversion,3.2
"3dgcqa-4k/score-distillation-via-inversion/a_tape_measure,_extending,_infographic_style@20250812-160133",score-distillation-via-inversion,0.5
"3dgcqa-4k/score-distillation-via-inversion/a_malt_shake,_thickening,_creamy_style@20250812-004013",score-distillation-via-inversion,4.5
"3dgcqa-4k/score-distillation-via-inversion/a_ancient_book,_opening,_literary_style@20250813-213304",score-distillation-via-inversion,3.2
"3dgcqa-4k/score-distillation-via-inversion/a_siamese_cat,_stalking,_sleek_style@20250813-051437",score-distillation-via-inversion,2.9
"3dgcqa-4k/score-distillation-via-inversion/a_root_beer,_foaming,_nostalgic_style@20250812-042425",score-distillation-via-inversion,1.4
"3dgcqa-4k/score-distillation-via-inversion/a_fish,_swimming,_watercolor_style@20250813-051707",score-distillation-via-inversion,2.4
"3dgcqa-4k/score-distillation-via-inversion/a_cappuccino,_frothing,_Italian_style@20250922-195511",score-distillation-via-inversion,4.1
"3dgcqa-4k/score-distillation-via-inversion/a_bubble_wand,_blowing,_fun_style@20250812-105030",score-distillation-via-inversion,2.3
"3dgcqa-4k/score-distillation-via-inversion/a_meringue,_whipping,_airy_style@20250814-072232",score-distillation-via-inversion,0.9
"3dgcqa-4k/score-distillation-via-inversion/a_sorbet,_freezing,_refreshing_style@20250814-084213",score-distillation-via-inversion,1.7
"3dgcqa-4k/score-distillation-via-inversion/a_ratchet,_ratcheting,_efficient_style@20250812-154839",score-distillation-via-inversion,4.3
"3dgcqa-4k/score-distillation-via-inversion/a_model_rocket,_launching,_educational_style@20250812-093611",score-distillation-via-inversion,0.7
"3dgcqa-4k/score-distillation-via-inversion/a_burlap_sack,_tying,_utilitarian_style@20250814-054336",score-distillation-via-inversion,4.6
"3dgcqa-4k/score-distillation-via-inversion/a_pudding,_wobbling,_jiggly_style@20250814-145733",score-distillation-via-inversion,0.6
"3dgcqa-4k/score-distillation-via-inversion/a_Persian_cat,_lounging,_regal_style@20250813-024126",score-distillation-via-inversion,1.2
"3dgcqa-4k/score-distillation-via-inversion/a_curry_leaf,_sizzling,_Indian_style@20250814-162125",score-distillation-via-inversion,1.8
"3dgcqa-4k/score-distillation-via-inversion/a_cocktail,_shaking,_cubist_style@20250811-160003",score-distillation-via-inversion,0.8
"3dgcqa-4k/score-distillation-via-inversion/a_monocle,_focusing,_vintage_style@20250922-134030",score-distillation-via-inversion,0.8
"3dgcqa-4k/score-distillation-via-inversion/a_sock,_knitting,_homely_style@20250814-082557",score-distillation-via-inversion,1.6
"3dgcqa-4k/score-distillation-via-inversion/a_teddy_bear,_waving,_cartoon_style@20250812-003110",score-distillation-via-inversion,2.3
"3dgcqa-4k/score-distillation-via-inversion/a_birdbath,_filling,_garden_style@20250813-144227",score-distillation-via-inversion,0.5
"3dgcqa-4k/score-distillation-via-inversion/a_toy_gun,_shooting,_action-packed_style@20250812-004516",score-distillation-via-inversion,3.1
"3dgcqa-4k/score-distillation-via-inversion/a_stuffed_bunny,_cuddling,_kawaii_style@20250812-114950",score-distillation-via-inversion,3.9
"3dgcqa-4k/score-distillation-via-inversion/a_file,_smoothing,_industrial_style@20250922-115144",score-distillation-via-inversion,1.3
"3dgcqa-4k/score-distillation-via-inversion/a_plunger,_plunging,_household_style@20250812-164348",score-distillation-via-inversion,4.5
"3dgcqa-4k/score-distillation-via-inversion/a_clamp,_securing,_sturdy_style@20250812-124843",score-distillation-via-inversion,2.3
"3dgcqa-4k/score-distillation-via-inversion/a_margarita,_rimming,_party_style@20250922-142647",score-distillation-via-inversion,0.7
"3dgcqa-4k/score-distillation-via-inversion/a_smart_thermostat,_controlling,_sleek_style@20250812-225011",score-distillation-via-inversion,0.3
"3dgcqa-4k/score-distillation-via-inversion/a_kite,_flying,_whimsical_style@20250812-071754",score-distillation-via-inversion,0.3
"3dgcqa-4k/score-distillation-via-inversion/a_router,_connecting,_techie_style@20250812-225613",score-distillation-via-inversion,1.5
"3dgcqa-4k/score-distillation-via-inversion/a_stuffed_animal,_cuddling,_plush_style@20250812-064902",score-distillation-via-inversion,1.7
"3dgcqa-4k/score-distillation-via-inversion/a_parasol,_opening,_elegant_style@20250814-054700",score-distillation-via-inversion,0.2
"3dgcqa-4k/score-distillation-via-inversion/a_alpaca,_grazing,_fluffy_style@20250813-052900",score-distillation-via-inversion,3.6
"3dgcqa-4k/score-distillation-via-inversion/a_train,_chugging,_illustrative_style@20250812-075243",score-distillation-via-inversion,3.2
"3dgcqa-4k/score-distillation-via-inversion/a_hacksaw,_cutting,_precision_style@20250922-185902",score-distillation-via-inversion,2.6
"3dgcqa-4k/score-distillation-via-inversion/a_tapestry,_weaving,_historical_style@20250813-190737",score-distillation-via-inversion,4.0
"3dgcqa-4k/score-distillation-via-inversion/a_betta_fish,_fighting,_vibrant_style@20250813-044217",score-distillation-via-inversion,3.5
"3dgcqa-4k/score-distillation-via-inversion/a_garlic_clove,_crushing,_pungent_style@20250814-124714",score-distillation-via-inversion,4.4
"3dgcqa-4k/score-distillation-via-inversion/a_ginger_ale,_fizzing,_zesty_style@20250811-214907",score-distillation-via-inversion,3.3
"3dgcqa-4k/score-distillation-via-inversion/a_basil_leaf,_crushing,_fresh_style@20250814-145630",score-distillation-via-inversion,4.6
"3dgcqa-4k/score-distillation-via-inversion/a_GPS_device,_navigating,_modern_style@20250812-213411",score-distillation-via-inversion,0.3
"3dgcqa-4k/score-distillation-via-inversion/a_beanie,_knitting,_urban_style@20250814-071902",score-distillation-via-inversion,3.5
"3dgcqa-4k/score-distillation-via-inversion/a_parfait,_layering,_sleek_style@20250814-113709",score-distillation-via-inversion,1.3
"3dgcqa-4k/score-distillation-via-inversion/a_protein_shake,_mixing,_athletic_style@20250811-154136",score-distillation-via-inversion,1.9
"3dgcqa-4k/score-distillation-via-inversion/a_bolt_cutter,_cutting,_forceful_style@20250812-190007",score-distillation-via-inversion,0.5
"3dgcqa-4k/score-distillation-via-inversion/a_hot_toddy,_simmering,_warming_style@20250812-042110",score-distillation-via-inversion,2.6
"3dgcqa-4k/score-distillation-via-inversion/a_betta_fish,_flaring,_colorful_style@20250813-030816",score-distillation-via-inversion,4.5
"3dgcqa-4k/score-distillation-via-inversion/a_dill_weed,_sprinkling,_delicate_style@20250814-203853",score-distillation-via-inversion,0.3
"3dgcqa-4k/score-distillation-via-inversion/a_reciprocating_saw,_cutting,_robust_style@20250812-152541",score-distillation-via-inversion,2.7
"3dgcqa-4k/score-distillation-via-inversion/a_tureen,_serving,_grand_style@20250813-150916",score-distillation-via-inversion,4.4
"3dgcqa-4k/score-distillation-via-inversion/a_dachshund,_burrowing,_playful_style@20250813-093556",score-distillation-via-inversion,4.5
"3dgcqa-4k/score-distillation-via-inversion/a_cake,_frosting,_pastel_style@20250814-102711",score-distillation-via-inversion,0.7
"3dgcqa-4k/score-distillation-via-inversion/a_iced_tea,_cooling,_summer_style@20250811-214824",score-distillation-via-inversion,4.6
"3dgcqa-4k/score-distillation-via-inversion/a_silk_ribbon,_fluttering,_elegant_style@20250814-001018",score-distillation-via-inversion,0.8
"3dgcqa-4k/score-distillation-via-inversion/a_casserole_dish,_baking,_homely_style@20250813-151243",score-distillation-via-inversion,3.7
"3dgcqa-4k/score-distillation-via-inversion/a_puzzle_box,_solving,_intricate_style@20250812-085118",score-distillation-via-inversion,0.6
"3dgcqa-4k/score-distillation-via-inversion/a_slinky,_stretching,_retro_style@20250812-091330",score-distillation-via-inversion,3.1
"3dgcqa-4k/score-distillation-via-inversion/a_panna_cotta,_garnishing,_smooth_style@20250814-132344",score-distillation-via-inversion,4.3
"3dgcqa-4k/score-distillation-via-inversion/a_fireplace,_warming,_cozy_style@20250813-135259",score-distillation-via-inversion,2.0
"3dgcqa-4k/score-distillation-via-inversion/a_urn,_sealing,_classical_style@20250813-150915",score-distillation-via-inversion,2.4
"3dgcqa-4k/score-distillation-via-inversion/a_game_console,_gaming,_entertainment_style@20250812-201455",score-distillation-via-inversion,4.6
"3dgcqa-4k/score-distillation-via-inversion/a_teacup,_sipping,_elegant_style@20250813-134051",score-distillation-via-inversion,1.6
"3dgcqa-4k/score-distillation-via-inversion/a_handwoven_blanket,_comforting,_cozy_style@20250814-015531",score-distillation-via-inversion,1.5
"3dgcqa-4k/score-distillation-via-inversion/a_dollhouse,_decorating,_miniature_style@20250812-053634",score-distillation-via-inversion,3.2
"3dgcqa-4k/score-distillation-via-inversion/a_bay_leaf,_simmering,_aromatic_style@20250814-215614",score-distillation-via-inversion,4.3
"3dgcqa-4k/score-distillation-via-inversion/a_saffron_thread,_steeping,_luxurious_style@20250814-220407",score-distillation-via-inversion,4.6
"3dgcqa-4k/score-distillation-via-inversion/a_chicken,_pecking,_farm_style@20250813-060520",score-distillation-via-inversion,2.1
"3dgcqa-4k/score-distillation-via-inversion/a_milkshake,_swirling,_retro_style@20250811-220400",score-distillation-via-inversion,0.8
"3dgcqa-4k/score-distillation-via-inversion/a_smart_lock,_securing,_futuristic_style@20250812-222545",score-distillation-via-inversion,4.6
"3dgcqa-4k/score-distillation-via-inversion/a_cockatoo,_screaming,_exotic_style@20250813-060450",score-distillation-via-inversion,4.0
"3dgcqa-4k/score-distillation-via-inversion/a_coriander_leaf,_garnishing,_vibrant_style@20250814-203240",score-distillation-via-inversion,1.9
"3dgcqa-4k/score-distillation-via-inversion/a_goblet,_spilling,_gothic_style@20250813-225716",score-distillation-via-inversion,0.9
"3dgcqa-4k/score-distillation-via-inversion/a_television,_broadcasting,_retro_style@20250922-143852",score-distillation-via-inversion,3.2
"3dgcqa-4k/score-distillation-via-inversion/a_lantern,_illuminating,_vintage_style@20250813-203311",score-distillation-via-inversion,4.4
"3dgcqa-4k/score-distillation-via-inversion/a_lollipop,_licking,_colorful_style@20250814-144718",score-distillation-via-inversion,0.9
"3dgcqa-4k/score-distillation-via-inversion/a_sledgehammer,_demolishing,_powerful_style@20250922-204625",score-distillation-via-inversion,0.7
"3dgcqa-4k/score-distillation-via-inversion/a_sash,_tying,_decorative_style@20250814-041922",score-distillation-via-inversion,0.9
"3dgcqa-4k/score-distillation-via-inversion/a_chocolate_bar,_breaking,_indulgent_style@20250814-120029",score-distillation-via-inversion,4.6
"3dgcqa-4k/score-distillation-via-inversion/a_gelato,_scooping,_Italian_style@20250814-130113",score-distillation-via-inversion,3.4
"3dgcqa-4k/score-distillation-via-inversion/a_tablet,_swiping,_cyberpunk_style@20250813-012054",score-distillation-via-inversion,1.0
"3dgcqa-4k/score-distillation-via-inversion/a_VR_headset,_immersing,_artistic_style@20250812-183322",score-distillation-via-inversion,4.5
"3dgcqa-4k/score-distillation-via-inversion/a_ladder,_climbing,_high-reaching_style@20250812-201712",score-distillation-via-inversion,2.4
"3dgcqa-4k/score-distillation-via-inversion/a_iced_mocha,_blending,_sweet_style@20250922-185611",score-distillation-via-inversion,2.4
"3dgcqa-4k/score-distillation-via-inversion/a_air_purifier,_purifying,_clean_style@20250922-133509",score-distillation-via-inversion,1.6
"3dgcqa-4k/score-distillation-via-inversion/a_doughnut,_sprinkling,_playful_style@20250922-150949",score-distillation-via-inversion,4.0
"3dgcqa-4k/score-distillation-via-inversion/a_oregano,_drying,_Mediterranean_style@20250814-175302",score-distillation-via-inversion,1.8
"3dgcqa-4k/score-distillation-via-inversion/a_kombucha,_fermenting,_organic_style@20250811-220200",score-distillation-via-inversion,4.2
"3dgcqa-4k/score-distillation-via-inversion/a_siamese_fighting_fish,_swimming,_exotic_style@20250813-042643",score-distillation-via-inversion,2.4
"3dgcqa-4k/score-distillation-via-inversion/a_level,_balancing,_steampunk_style@20250812-112844",score-distillation-via-inversion,0.2
"3dgcqa-4k/score-distillation-via-inversion/a_canary,_singing,_bright_style@20250813-093901",score-distillation-via-inversion,3.7
"3dgcqa-4k/score-distillation-via-inversion/a_cider,_pouring,_autumn_style@20250812-024527",score-distillation-via-inversion,0.6
"3dgcqa-4k/score-distillation-via-inversion/a_dog,_barking,_comic_style@20250922-153407",score-distillation-via-inversion,0.3
"3dgcqa-4k/score-distillation-via-inversion/a_fruit_bowl,_filling,_colorful_style@20250922-173858",score-distillation-via-inversion,2.3
"3dgcqa-4k/score-distillation-via-inversion/a_bonnet,_tying,_old-fashioned_style@20250814-000151",score-distillation-via-inversion,3.6
"3dgcqa-4k/score-distillation-via-inversion/a_ankh,_holding,_symbolic_style@20250813-195537",score-distillation-via-inversion,2.4
"3dgcqa-4k/score-distillation-via-inversion/a_leopard_gecko,_shedding,_patterned_style@20250813-090613",score-distillation-via-inversion,4.4
"3dgcqa-4k/score-distillation-via-inversion/a_suede_glove,_fitting,_chic_style@20250814-000653",score-distillation-via-inversion,2.2
"3dgcqa-4k/score-distillation-via-inversion/a_smartphone,_ringing,_futuristic_style@20250812-220502",score-distillation-via-inversion,0.7
"3dgcqa-4k/score-distillation-via-inversion/a_bulldog,_drooling,_wrinkly_style@20250813-014925",score-distillation-via-inversion,4.0
"3dgcqa-4k/score-distillation-via-inversion/a_rosemary_sprig,_roasting,_earthy_style@20250814-192559",score-distillation-via-inversion,1.4
"3dgcqa-4k/score-distillation-via-inversion/a_pie,_steaming,_homestyle@20250922-131450",score-distillation-via-inversion,4.5
"3dgcqa-4k/score-distillation-via-inversion/a_garden_fork,_turning,_horticultural_style@20250812-152708",score-distillation-via-inversion,3.4
"3dgcqa-4k/score-distillation-via-inversion/a_instant_pot,_cooking,_modern_style@20250812-230333",score-distillation-via-inversion,1.6
"3dgcqa-4k/score-distillation-via-inversion/a_chameleon,_changing,_vibrant_style@20250922-175452",score-distillation-via-inversion,0.6
"3dgcqa-4k/score-distillation-via-inversion/a_harpoon,_thrusting,_whaling_style@20250813-200725",score-distillation-via-inversion,0.4
"3dgcqa-4k/score-distillation-via-inversion/a_relic,_radiating,_ancient_style@20250922-201057",score-distillation-via-inversion,0.8
"3dgcqa-4k/score-distillation-via-inversion/a_rubber_duck,_floating,_bath_time_style@20250812-091730",score-distillation-via-inversion,3.8
"3dgcqa-4k/score-distillation-via-inversion/a_bearded_dragon,_basking,_reptilian_style@20250922-145237",score-distillation-via-inversion,1.3
"3dgcqa-4k/score-distillation-via-inversion/a_velvet_cushion,_softening,_plush_style@20250814-013720",score-distillation-via-inversion,3.6
"3dgcqa-4k/score-distillation-via-inversion/a_goldfish,_swimming,_peaceful_style@20250813-092136",score-distillation-via-inversion,0.7
"3dgcqa-4k/score-distillation-via-inversion/a_ceramic_bunny,_hopping,_cute_style@20250813-161043",score-distillation-via-inversion,4.0
"3dgcqa-4k/score-distillation-via-inversion/a_mortar_and_pestle,_grinding,_essential_style@20250813-135310",score-distillation-via-inversion,2.0
"3dgcqa-4k/score-distillation-via-inversion/a_basket,_weaving,_functional_style@20250813-203920",score-distillation-via-inversion,4.5
"3dgcqa-4k/score-distillation-via-inversion/a_level,_aligning,_accurate_style@20250812-180621",score-distillation-via-inversion,0.2
"3dgcqa-4k/score-distillation-via-inversion/a_tapestry,_embroidering,_detailed_style@20250922-213533",score-distillation-via-inversion,0.5
"3dgcqa-4k/score-distillation-via-inversion/a_shovel,_digging,_outdoor_style@20250812-150331",score-distillation-via-inversion,4.2
"3dgcqa-4k/score-distillation-via-inversion/a_vodka_tonic,_mixing,_night_out_style@20250811-220335",score-distillation-via-inversion,1.3
"3dgcqa-4k/score-distillation-via-inversion/a_lace_doily,_decorating,_delicate_style@20250814-060944",score-distillation-via-inversion,0.7
"3dgcqa-4k/sjc/a_e-book_reader,_page-turning,_literary_style@20250921-211256",sjc,2.3
"3dgcqa-4k/sjc/a_building_blocks,_stacking,_colorful_style@20250921-073813",sjc,2.2
"3dgcqa-4k/sjc/a_scarf,_fluttering,_boho_style@20250923-060148",sjc,0.8
"3dgcqa-4k/sjc/a_tape_measure,_extending,_infographic_style@20250922-122839",sjc,1.6
"3dgcqa-4k/sjc/a_canary,_singing,_bright_style@20250923-190906",sjc,1.9
"3dgcqa-4k/sjc/a_cupcake,_decorating,_kawaii_style@20250920-201656",sjc,3.6
"3dgcqa-4k/sjc/a_cookie,_crumbling,_doodle_style@20250921-065133",sjc,0.5
"3dgcqa-4k/sjc/a_fondue_pot,_bubbling,_convivial_style@20250923-135929",sjc,2.0
"3dgcqa-4k/sjc/a_frisbee,_flying,_outdoor_style@20250921-171941",sjc,0.0
"3dgcqa-4k/sjc/a_LED_lamp,_illuminating,_bright_style@20250922-062917",sjc,1.8
"3dgcqa-4k/sjc/a_nutmeg,_grating,_spicy_style@20250922-085545",sjc,3.6
"3dgcqa-4k/sjc/a_chili_pepper,_sizzling,_hot_style@20250922-041409",sjc,1.4
"3dgcqa-4k/sjc/a_crown,_shining,_fantasy_style@20250921-213810",sjc,3.5
"3dgcqa-4k/sjc/a_tablecloth,_spreading,_elegant_style@20250920-205801",sjc,4.0
"3dgcqa-4k/sjc/a_smartphone,_ringing,_futuristic_style@20250923-065641",sjc,2.1
"3dgcqa-4k/sjc/a_coffee_cup,_steaming,_watercolor_style@20250920-101418",sjc,2.3
"3dgcqa-4k/sjc/a_turban,_wrapping,_traditional_style@20250920-101427",sjc,4.0
"3dgcqa-4k/sjc/a_pitcher,_overflowing,_cartoon_style@20250921-112729",sjc,3.2
"3dgcqa-4k/sjc/a_garden_gnome,_smiling,_whimsical_style@20250920-101417",sjc,4.5
"3dgcqa-4k/sjc/a_paintbrush,_stroking,_impressionist_style@20250922-175409",sjc,1.0
"3dgcqa-4k/sjc/a_poncho,_draping,_bohemian_style@20250921-063042",sjc,4.7
"3dgcqa-4k/sjc/a_action_figure,_posing,_superhero_style@20250921-022036",sjc,4.0
"3dgcqa-4k/sjc/a_blocks,_stacking,_Bauhaus_style@20250922-020739",sjc,3.4
"3dgcqa-4k/sjc/a_doorbell_camera,_watching,_security_style@20250922-215622",sjc,0.3
"3dgcqa-4k/sjc/a_cortado,_sipping,_balanced_style@20250923-033439",sjc,1.8
"3dgcqa-4k/sjc/a_parasol,_opening,_elegant_style@20250920-143348",sjc,1.2
"3dgcqa-4k/sjc/a_pepper,_grinding,_bold_style@20250922-131453",sjc,1.3
"3dgcqa-4k/sjc/a_ginger_root,_grating,_zingy_style@20250923-140842",sjc,3.0
"3dgcqa-4k/sjc/a_clove,_scenting,_warm_style@20250923-043538",sjc,4.0
"3dgcqa-4k/sjc/a_gelatin,_setting,_jiggly_style@20250921-215831",sjc,1.5
"3dgcqa-4k/sjc/a_gingerbread_house,_building,_festive_style@20250920-101418",sjc,1.2
"3dgcqa-4k/sjc/a_cappuccino,_frothing,_Italian_style@20250920-205403",sjc,0.0
"3dgcqa-4k/sjc/a_clamp,_securing,_sturdy_style@20250922-082320",sjc,0.3
"3dgcqa-4k/sjc/a_pie,_steaming,_homestyle@20250920-145234",sjc,4.0
"3dgcqa-4k/sjc/a_corgi,_running,_energetic_style@20250922-173254",sjc,1.1
"3dgcqa-4k/sjc/a_vanilla_pod,_splitting,_sweet_style@20250923-093352",sjc,3.1
"3dgcqa-4k/sjc/a_hot_chocolate,_steaming,_digital_art_style@20250921-014121",sjc,2.5
"3dgcqa-4k/sjc/a_broom,_sweeping,_traditional_style@20250921-213222",sjc,4.6
"3dgcqa-4k/sjc/a_milkshake,_swirling,_retro_style@20250920-193129",sjc,2.9
"3dgcqa-4k/sjc/a_hatchet,_chopping,_rustic_style@20250921-165346",sjc,3.9
"3dgcqa-4k/sjc/a_mousse,_whipping,_airy_style@20250921-081049",sjc,0.8
"3dgcqa-4k/sjc/a_curtain,_swaying,_victorian_style@20250923-113336",sjc,2.1
"3dgcqa-4k/sjc/a_betta_fish,_flaring,_colorful_style@20250922-225917",sjc,2.4
"3dgcqa-4k/sjc/a_saffron_thread,_steeping,_luxurious_style@20250922-181624",sjc,3.0
"3dgcqa-4k/sjc/a_file,_smoothing,_industrial_style@20250922-080945",sjc,2.0
"3dgcqa-4k/sjc/a_teapot,_pouring,_abstract_style@20250920-101418",sjc,0.3
"3dgcqa-4k/sjc/a_digital_camera,_capturing,_photography_style@20250923-065113",sjc,2.0
"3dgcqa-4k/sjc/a_handbag,_accessorizing,_stylish_style@20250921-005249",sjc,2.3
"3dgcqa-4k/sjc/a_teddy_bear,_waving,_cartoon_style@20250921-102856",sjc,1.8
"3dgcqa-4k/sjc/a_macaw,_squawking,_vibrant_style@20250922-165112",sjc,4.5
"3dgcqa-4k/sjc/a_vice,_gripping,_workshop_style@20250922-074210",sjc,4.4
"3dgcqa-4k/sjc/a_plush_toy,_hugging,_soft_style@20250920-204955",sjc,3.4
"3dgcqa-4k/sjc/a_spade,_digging,_garden_style@20250922-032528",sjc,2.5
"3dgcqa-4k/sjc/a_laptop,_typing,_flat_design_style@20250923-121559",sjc,1.1
"3dgcqa-4k/sjc/a_jigsaw_puzzle,_connecting,_detailed_style@20250920-154400",sjc,1.5
"3dgcqa-4k/sjc/a_robot,_walking,_sci-fi_style@20250921-120258",sjc,0.9
"3dgcqa-4k/sjc/a_ladder,_climbing,_high-reaching_style@20250921-141622",sjc,0.3
"3dgcqa-4k/sjc/a_shop_vac,_vacuuming,_heavy-duty_style@20250922-022927",sjc,1.3
"3dgcqa-4k/sjc/a_fruit_tart,_arranging,_colorful_style@20250920-160313",sjc,4.6
"3dgcqa-4k/sjc/a_lollipop,_licking,_colorful_style@20250921-172636",sjc,1.4
"3dgcqa-4k/sjc/a_satin_sheet,_draping,_luxury_style@20250923-152356",sjc,1.3
"3dgcqa-4k/sjc/a_decorative_plate,_displaying,_ornamental_style@20250923-184301",sjc,0.3
"3dgcqa-4k/sjc/a_bolt_cutter,_cutting,_forceful_style@20250921-092543",sjc,1.0
"3dgcqa-4k/sjc/a_meringue,_whipping,_airy_style@20250920-212813",sjc,2.7
"3dgcqa-4k/sjc/a_humidifier,_misting,_wellness_style@20250922-014442",sjc,1.1
"3dgcqa-4k/sjc/a_crepe,_filling,_delicate_style@20250921-132605",sjc,4.5
"3dgcqa-4k/sjc/a_cinnamon_stick,_simmering,_warm_style@20250922-090212",sjc,3.1
"3dgcqa-4k/sjc/a_shield,_blocking,_steampunk_style@20250921-162801",sjc,2.3
"3dgcqa-4k/sjc/a_star_anise,_floating,_aromatic_style@20250922-181530",sjc,4.4
"3dgcqa-4k/sjc/a_baklava,_layering,_Middle_Eastern_style@20250921-065501",sjc,4.3
"3dgcqa-4k/sjc/a_birdbath,_filling,_garden_style@20250923-113851",sjc,1.8
"3dgcqa-4k/sjc/a_wire_cutter,_snipping,_electrical_style@20250921-222231",sjc,0.9
"3dgcqa-4k/sjc/a_relic,_radiating,_ancient_style@20250922-204914",sjc,0.9
"3dgcqa-4k/sjc/a_kombucha,_fermenting,_probiotic_style@20250920-160310",sjc,3.1
"3dgcqa-4k/sjc/a_goblet,_spilling,_gothic_style@20250922-023005",sjc,3.7
"3dgcqa-4k/sjc/a_wrench,_turning,_vintage_style@20250922-212144",sjc,3.7
"3dgcqa-4k/sjc/a_chalice,_filling,_ceremonial_style@20250923-172840",sjc,1.9
"3dgcqa-4k/sjc/a_graphics_tablet,_drawing,_artistic_style@20250922-073707",sjc,1.4
"3dgcqa-4k/sjc/a_digital_piano,_playing,_musical_style@20250923-085912",sjc,3.5
"3dgcqa-4k/sjc/a_stuffed_bunny,_cuddling,_kawaii_style@20250921-073213",sjc,4.1
"3dgcqa-4k/sjc/a_cocktail,_shaking,_cubist_style@20250920-204621",sjc,0.4
"3dgcqa-4k/sjc/a_compass,_pointing,_adventure_style@20250920-212405",sjc,2.4
"3dgcqa-4k/sjc/a_screwdriver,_twisting,_blueprint_style@20250922-111915",sjc,0.4
"3dgcqa-4k/sjc/a_play-dough,_molding,_creative_style@20250921-122614",sjc,2.1
"3dgcqa-4k/sjc/a_mallet,_pounding,_robust_style@20250920-195549",sjc,3.9
"3dgcqa-4k/sjc/a_bay_leaf,_simmering,_aromatic_style@20250923-130812",sjc,3.7
"3dgcqa-4k/sjc/a_rosemary_sprig,_roasting,_earthy_style@20250923-184218",sjc,0.5
"3dgcqa-4k/sjc/a_skateboard,_skating,_street_style@20250920-193304",sjc,3.2
"3dgcqa-4k/sjc/a_chisel,_carving,_photorealistic_style@20250923-040637",sjc,2.0
"3dgcqa-4k/sjc/a_tape,_measuring,_precise_style@20250920-160251",sjc,2.0
"3dgcqa-4k/sjc/a_glue_gun,_bonding,_crafty_style@20250922-034229",sjc,2.0
"3dgcqa-4k/sjc/a_oregano,_drying,_Mediterranean_style@20250922-234105",sjc,4.4
"3dgcqa-4k/sjc/a_angel_food_cake,_slicing,_airy_style@20250922-031043",sjc,4.0
"3dgcqa-4k/sjc/a_e-reader,_displaying,_minimalistic_style@20250922-120245",sjc,1.5
"3dgcqa-4k/sjc/a_hair_dryer,_blowing,_salon_style@20250923-020023",sjc,2.5
"3dgcqa-4k/sjc/a_soldering_iron,_welding,_delicate_style@20250921-215748",sjc,0.3
"3dgcqa-4k/sjc/a_soundbar,_sounding,_immersive_style@20250922-043753",sjc,2.6
"3dgcqa-4k/sjc/a_toy_gun,_shooting,_action-packed_style@20250920-210727",sjc,4.0
"3dgcqa-4k/sjc/a_ancient_book,_opening,_literary_style@20250921-225335",sjc,2.8
"3dgcqa-4k/sjc/a_curry_leaf,_sizzling,_Indian_style@20250922-172325",sjc,3.3
"3dgcqa-4k/sjc/a_GPS_device,_navigating,_modern_style@20250922-223752",sjc,2.7
"3dgcqa-4k/sjc/a_toy_car,_zooming,_comic_style@20250921-152612",sjc,3.5
"3dgcqa-4k/sjc/a_anvil,_forging,_medieval_style@20250921-035538",sjc,4.2
"3dgcqa-4k/sjc/a_panna_cotta,_garnishing,_smooth_style@20250923-045247",sjc,0.1
"3dgcqa-4k/sjc/a_trifle,_layering,_festive_style@20250921-231514",sjc,3.6
"3dgcqa-4k/sjc/a_clay_jug,_pouring,_pastoral_style@20250920-201430",sjc,3.2
"3dgcqa-4k/sjc/a_lemonade,_dripping,_graffiti_style@20250920-154110",sjc,2.1
"3dgcqa-4k/sjc/a_beanie,_knitting,_urban_style@20250920-195621",sjc,1.2
"3dgcqa-4k/sjc/a_root_beer,_foaming,_nostalgic_style@20250923-160147",sjc,1.4
"3dgcqa-4k/sjc/a_bubble_wand,_blowing,_fun_style@20250921-072218",sjc,2.4
"3dgcqa-4k/sjc/a_yoga_mat,_rolling,_zen_style@20250920-101427",sjc,3.9
"3dgcqa-4k/sjc/a_saw,_cutting,_isometric_style@20250922-161842",sjc,3.6
"3dgcqa-4k/sjc/a_medallion,_shining,_ornate_style@20250922-191320",sjc,2.5
"3dgcqa-4k/sjc/a_brownie,_baking,_fudgy_style@20250921-075900",sjc,1.4
"3dgcqa-4k/sjc/a_teddy_bear,_cuddling,_timeless_style@20250921-023711",sjc,2.7
"3dgcqa-4k/sjc/a_silk_ribbon,_fluttering,_elegant_style@20250923-002820",sjc,2.0
"3dgcqa-4k/sjc/a_fennel_seed,_cracking,_fresh_style@20250922-233908",sjc,4.3
"3dgcqa-4k/sjc/a_beagle,_sniffing,_active_style@20250923-122907",sjc,1.7
"3dgcqa-4k/sjc/a_caulking_gun,_sealing,_precise_style@20250921-172042",sjc,4.2
"3dgcqa-4k/sjc/a_eclair,_filling,_classic_style@20250921-130805",sjc,4.8
"3dgcqa-4k/sjc/a_matcha_latte,_whisking,_zen_style@20250923-191317",sjc,0.5
"3dgcqa-4k/sjc/a_pavlova,_topping,_fluffy_style@20250921-163312",sjc,1.7
"3dgcqa-4k/sjc/a_vanilla_bean,_splitting,_aromatic_style@20250922-035855",sjc,4.3
"3dgcqa-4k/sjc/a_pudding,_wobbling,_jiggly_style@20250922-032111",sjc,2.6
"3dgcqa-4k/sjc/a_juice,_squeezing,_fresh_style@20250920-101418",sjc,3.2
"3dgcqa-4k/sjc/a_hedgehog,_curling,_spiky_style@20250922-112702",sjc,4.5
"3dgcqa-4k/sjc/a_figurine,_dancing,_anime_style@20250920-203605",sjc,3.2
"3dgcqa-4k/sjc/a_Maine_Coon,_grooming,_fluffy_style@20250923-124820",sjc,2.0
"3dgcqa-4k/sjc/a_curtain,_hanging,_elegant_style@20250920-160357",sjc,0.9
"3dgcqa-4k/sjc/a_soda_can,_fizzing,_pixel_art_style@20250920-143312",sjc,0.0
"3dgcqa-4k/sjc/a_doormat,_wiping,welcome_style@20250920-154045",sjc,1.0
"3dgcqa-4k/sjc/a_fruit_bowl,_filling,_colorful_style@20250923-035352",sjc,4.5
"3dgcqa-4k/sjc/a_border_collie,_herding,_intelligent_style@20250923-173130",sjc,2.1
"3dgcqa-4k/sjc/a_scroll,_revealing,_mystical_style@20250921-075724",sjc,0.0
"3dgcqa-4k/sjc/a_waffle,_topping,_Belgian_style@20250922-025418",sjc,4.6
"3dgcqa-4k/sjc/a_burlap_sack,_tying,_utilitarian_style@20250921-115857",sjc,0.6
"3dgcqa-4k/sjc/a_remote_control_car,_racing,_fast-paced_style@20250920-143356",sjc,3.8
"3dgcqa-4k/sjc/a_inkwell,_dipping,_classic_style@20250923-085513",sjc,3.5
"3dgcqa-4k/sjc/a_sundial,_shadowing,_timeless_style@20250920-101418",sjc,1.8
"3dgcqa-4k/sjc/a_drone,_flying,_technical_drawing_style@20250923-183932",sjc,2.9
"3dgcqa-4k/sjc/a_sundae,_melting,_neon_style@20250921-013601",sjc,0.8
"3dgcqa-4k/sjc/a_eclair,_glazing,_French_style@20250921-181651",sjc,1.3
"3dgcqa-4k/sjc/a_doughnut,_sprinkling,_playful_style@20250921-222609",sjc,0.8
"3dgcqa-4k/sjc/a_oil_lamp,_lighting,_traditional_style@20250923-185809",sjc,4.5
"3dgcqa-4k/sjc/a_garden_fork,_turning,_horticultural_style@20250922-025742",sjc,1.7
"3dgcqa-4k/sjc/a_saffron_thread,_blooming,_exotic_style@20250922-234334",sjc,3.6
"3dgcqa-4k/sjc/a_wind-up_toy,_moving,_mechanical_style@20250921-020157",sjc,0.6
"3dgcqa-4k/sjc/a_canary,_singing,_melodic_style@20250923-184512",sjc,2.5
"3dgcqa-4k/sjc/a_kitten,_playing,_playful_style@20250923-173130",sjc,3.9
"3dgcqa-4k/sjc/a_iced_tea,_cooling,_summer_style@20250920-160311",sjc,4.2
"3dgcqa-4k/sjc/a_cookie_jar,_opening,_nostalgic_style@20250923-193246",sjc,2.0
"3dgcqa-4k/sjc/a_flowerpot,_planting,_garden_style@20250922-225233",sjc,1.2
"3dgcqa-4k/sjc/a_roman_coin,_flipping,_historical_style@20250921-173711",sjc,0.3
"3dgcqa-4k/sjc/a_energy_drink,_electrifying,_high-tech_style@20250920-154032",sjc,0.7
"3dgcqa-4k/sjc/a_yo-yo,_spinning,_abstract_style@20250922-005716",sjc,1.9
"3dgcqa-4k/sjc/a_action_figure,_posing,_heroic_style@20250921-024626",sjc,3.9
"3dgcqa-4k/sjc/a_butter_dish,_spreading,_classic_style@20250923-091339",sjc,2.3
"3dgcqa-4k/sjc/a_chihuahua,_barking,_tiny_style@20250923-134450",sjc,0.3
"3dgcqa-4k/sjc/a_rocking_horse,_rocking,_nostalgic_style@20250921-023130",sjc,1.2
"3dgcqa-4k/sjc/a_smart_bulb,_lighting,_ambient_style@20250921-235104",sjc,0.9
"3dgcqa-4k/sjc/a_balloon,_inflating,_festive_style@20250920-101418",sjc,2.7
"3dgcqa-4k/sjc/a_truffle,_coating,_decadent_style@20250921-023653",sjc,0.5
"3dgcqa-4k/sjc/a_level,_balancing,_steampunk_style@20250922-225602",sjc,0.2
"3dgcqa-4k/sjc/a_camera,_flashing,_realistic_style@20250923-170256",sjc,0.5
"3dgcqa-4k/sjc/a_ginger_ale,_fizzing,_zesty_style@20250920-101417",sjc,4.0
"3dgcqa-4k/sjc/a_remote-controlled_drone,_flying,_techy_style@20250923-132943",sjc,4.6
"3dgcqa-4k/sjc/a_angle_grinder,_grinding,_industrial_style@20250921-163148",sjc,3.0
"3dgcqa-4k/sjc/a_parfait,_layering,_sleek_style@20250921-213222",sjc,0.0
"3dgcqa-4k/sjc/a_turmeric_latte,_mixing,_golden_style@20250920-101418",sjc,0.8
"3dgcqa-4k/sjc/a_pharaoh_mask,_staring,_egyptian_style@20250921-122118",sjc,3.8
"3dgcqa-4k/sjc/a_coriander_leaf,_garnishing,_vibrant_style@20250923-095127",sjc,2.4
"3dgcqa-4k/sjc/a_vase,_cracking,_antique_style@20250923-185206",sjc,4.3
"3dgcqa-4k/sjc/a_game_console,_gaming,_entertainment_style@20250922-171156",sjc,4.4
"3dgcqa-4k/sjc/a_kombucha,_fermenting,_organic_style@20250920-101418",sjc,3.3
"3dgcqa-4k/sjc/a_kimono,_wrapping,_oriental_style@20250923-165917",sjc,4.6
"3dgcqa-4k/sjc/a_smoothie,_blending,_pop_art_style@20250920-101418",sjc,0.9
"3dgcqa-4k/sjc/a_dalmatian,_spotted,_classic_style@20250923-084608",sjc,1.5
"3dgcqa-4k/sjc/a_ring,_enchanting,_mystical_style@20250922-120839",sjc,0.0
"3dgcqa-4k/sjc/a_safflower,_coloring,_delicate_style@20250922-210933",sjc,3.7
"3dgcqa-4k/sjc/a_Sphynx_cat,_preening,_hairless_style@20250922-123230",sjc,4.5
"3dgcqa-4k/sjc/a_pie,_slicing,_homemade_style@20250920-212335",sjc,4.5
"3dgcqa-4k/sjc/a_doll,_dancing,_anime_style@20250921-202829",sjc,0.4
"3dgcqa-4k/sjc/a_gelato,_scooping,_creamy_style@20250921-024246",sjc,0.9
"3dgcqa-4k/sjc/a_tiramisu,_layering,_Italian_style@20250921-164629",sjc,3.8
"3dgcqa-4k/sjc/a_betta_fish,_fighting,_vibrant_style@20250923-023928",sjc,4.2
"3dgcqa-4k/sjc/a_thai_iced_tea,_blending,_exotic_style@20250923-082440",sjc,2.2
"3dgcqa-4k/sjc/a_ginger_root,_grating,_zesty_style@20250922-041750",sjc,4.4
"3dgcqa-4k/sjc/a_bearded_dragon,_basking,_reptilian_style@20250923-073434",sjc,3.2
"3dgcqa-4k/sjc/a_thermostat,_adjusting,_modern_style@20250922-172831",sjc,0.0
"3dgcqa-4k/sjc/a_sculpture,_glowing,_surreal_style@20250920-154119",sjc,3.0
"3dgcqa-4k/sjc/a_cake,_frosting,_pastel_style@20250920-101418",sjc,2.6
"3dgcqa-4k/sjc/a_bulldog,_drooling,_wrinkly_style@20250923-055024",sjc,4.6
"3dgcqa-4k/sjc/a_helmet,_glowing,_sci-fi_style@20250922-071526",sjc,2.7
"3dgcqa-4k/sjc/a_model_rocket,_launching,_educational_style@20250921-175710",sjc,0.8
"3dgcqa-4k/sjc/a_crepe,_folding,_delicate_style@20250921-081515",sjc,2.7
"3dgcqa-4k/sjc/a_pottery_shard,_reflecting,_ancient_style@20250920-145031",sjc,0.0
"3dgcqa-4k/sketchshape/a_sweater_vest,_layering,_preppy_style@20250906-210905",sketchshape,3.1
"3dgcqa-4k/sketchshape/a_sorbet,_freezing,_refreshing_style@20250909-002506",sketchshape,1.6
"3dgcqa-4k/sketchshape/a_scarf,_fluttering,_boho_style@20250910-171038",sketchshape,4.1
"3dgcqa-4k/sketchshape/a_air_purifier,_purifying,_clean_style@20250910-113046",sketchshape,2.2
"3dgcqa-4k/sketchshape/a_cupcake,_decorating,_kawaii_style@20250907-092711",sketchshape,1.9
"3dgcqa-4k/sketchshape/a_clove,_piercing,_intense_style@20250909-134456",sketchshape,0.0
"3dgcqa-4k/sketchshape/a_chicken,_pecking,_farm_style@20250911-221851",sketchshape,0.2
"3dgcqa-4k/sketchshape/a_puzzle_box,_solving,_intricate_style@20250907-091607",sketchshape,5.0
"3dgcqa-4k/sketchshape/a_shop_vac,_vacuuming,_heavy-duty_style@20250909-075732",sketchshape,0.3
"3dgcqa-4k/sketchshape/a_printer,_printing,_monochrome_style@20250910-123628",sketchshape,1.4
"3dgcqa-4k/sketchshape/a_cinnamon_stick,_curling,_rustic_style@20250909-110231",sketchshape,0.6
"3dgcqa-4k/sketchshape/a_cupcake,_frosting,_celebratory_style@20250908-073510",sketchshape,0.6
"3dgcqa-4k/sketchshape/a_smartphone,_ringing,_futuristic_style@20250910-151115",sketchshape,1.2
"3dgcqa-4k/sketchshape/a_churro,_frying,_cinnamon_style@20250908-140854",sketchshape,0.5
"3dgcqa-4k/sketchshape/a_quilt,_patching,_cozy_style@20250912-125039",sketchshape,0.2
"3dgcqa-4k/sketchshape/a_VR_headset,_immersing,_futuristic_style@20250910-012246",sketchshape,1.8
"3dgcqa-4k/sketchshape/a_saffron_thread,_blooming,_exotic_style@20250910-035229",sketchshape,2.0
"3dgcqa-4k/sketchshape/a_hot_toddy,_warming,_cozy_style@20250912-184247",sketchshape,2.0
"3dgcqa-4k/sketchshape/a_teddy_bear,_cuddling,_timeless_style@20250907-161852",sketchshape,4.0
"3dgcqa-4k/sketchshape/a_cheesecake,_slicing,_decadent_style@20250912-092839",sketchshape,2.6
"3dgcqa-4k/sketchshape/a_parfait,_layering,_sleek_style@20250908-180750",sketchshape,0.4
"3dgcqa-4k/sketchshape/a_ferret,_tunneling,_curious_style@20250911-095708",sketchshape,1.6
"3dgcqa-4k/sketchshape/a_kombucha,_fermenting,_probiotic_style@20250907-043417",sketchshape,3.3
"3dgcqa-4k/sketchshape/a_lyre,_strumming,_musical_style@20250912-102553",sketchshape,0.5
"3dgcqa-4k/sketchshape/a_mustard_seed,_popping,_tangy_style@20250910-071909",sketchshape,1.1
"3dgcqa-4k/sketchshape/a_teapot,_pouring,_abstract_style@20250906-210906",sketchshape,1.2
"3dgcqa-4k/sketchshape/a_quill,_writing,_classical_style@20250911-210343",sketchshape,0.4
"3dgcqa-4k/sketchshape/a_smoothie_bowl,_blending,_vibrant_style@20250912-093701",sketchshape,0.6
"3dgcqa-4k/sketchshape/a_ladder,_climbing,_high-reaching_style@20250908-210119",sketchshape,2.0
"3dgcqa-4k/sketchshape/a_hot_chocolate,_steaming,_digital_art_style@20250907-161523",sketchshape,2.5
"3dgcqa-4k/sketchshape/a_dollhouse,_decorating,_miniature_style@20250912-170711",sketchshape,0.6
"3dgcqa-4k/sketchshape/a_waffle,_topping,_Belgian_style@20250909-030506",sketchshape,0.5
"3dgcqa-4k/sketchshape/a_soda_can,_fizzing,_pixel_art_style@20250907-034656",sketchshape,1.8
"3dgcqa-4k/sketchshape/a_figurine,_dancing,_anime_style@20250907-103000",sketchshape,3.4
"3dgcqa-4k/sketchshape/a_calculator,_calculating,_educational_style@20250909-132631",sketchshape,3.0
"3dgcqa-4k/sketchshape/a_pitcher,_overflowing,_cartoon_style@20250908-034122",sketchshape,1.6
"3dgcqa-4k/sketchshape/a_train,_chugging,_illustrative_style@20250908-162519",sketchshape,2.5
"3dgcqa-4k/sketchshape/a_thermostat,_adjusting,_modern_style@20250910-002654",sketchshape,2.0
"3dgcqa-4k/sketchshape/a_treasure_chest,_unlocking,_pirate_style@20250909-181521",sketchshape,1.1
"3dgcqa-4k/sketchshape/a_level,_balancing,_steampunk_style@20250909-212913",sketchshape,1.4
"3dgcqa-4k/sketchshape/a_fudge,_cutting,_rich_style@20250908-071230",sketchshape,0.2
"3dgcqa-4k/sketchshape/a_juice,_squeezing,_fresh_style@20250906-210905",sketchshape,1.7
"3dgcqa-4k/sketchshape/a_dill_weed,_sprinkling,_delicate_style@20250910-014033",sketchshape,4.2
"3dgcqa-4k/sketchshape/a_curry_leaf,_sizzling,_Indian_style@20250909-180901",sketchshape,1.3
"3dgcqa-4k/sketchshape/a_turmeric_root,_grinding,_vibrant_style@20250908-205521",sketchshape,0.9
"3dgcqa-4k/sketchshape/a_fidget_spinner,_spinning,_trendy_style@20250908-040018",sketchshape,2.3
"3dgcqa-4k/sketchshape/a_basketball,_dunking,_dynamic_style@20250907-210106",sketchshape,1.7
"3dgcqa-4k/sketchshape/a_leopard_gecko,_shedding,_patterned_style@20250911-152118",sketchshape,1.6
"3dgcqa-4k/sketchshape/a_profiterole,_filling,_creamy_style@20250908-065725",sketchshape,2.0
"3dgcqa-4k/sketchshape/a_rubber_duck,_floating,_bath_time_style@20250912-190026",sketchshape,1.7
"3dgcqa-4k/sketchshape/a_bulldog,_drooling,_wrinkly_style@20250911-105122",sketchshape,0.4
"3dgcqa-4k/sketchshape/a_urn,_sealing,_classical_style@20250906-210905",sketchshape,2.0
"3dgcqa-4k/sketchshape/a_doughnut,_sprinkling,_playful_style@20250908-212639",sketchshape,0.8
"3dgcqa-4k/sketchshape/a_laptop,_typing,_flat_design_style@20250910-201929",sketchshape,2.1
"3dgcqa-4k/sketchshape/a_lemongrass_stalk,_steeping,_Thai_style@20250909-235017",sketchshape,2.2
"3dgcqa-4k/sketchshape/a_pavlova,_topping,_fluffy_style@20250908-120440",sketchshape,0.9
"3dgcqa-4k/sketchshape/a_poodle,_prancing,_stylish_style@20250910-133334",sketchshape,0.6
"3dgcqa-4k/sketchshape/a_projector,_projecting,_cinematic_style@20250910-014809",sketchshape,2.3
"3dgcqa-4k/sketchshape/a_garlic_clove,_crushing,_pungent_style@20250909-204450",sketchshape,3.7
"3dgcqa-4k/sketchshape/a_remote-controlled_drone,_flying,_techy_style@20250911-034958",sketchshape,0.8
"3dgcqa-4k/sketchshape/a_goldfish,_swimming,_peaceful_style@20250911-155234",sketchshape,0.9
"3dgcqa-4k/sketchshape/a_dress,_twirling,_art_deco_style@20250912-004035",sketchshape,1.9
"3dgcqa-4k/sketchshape/a_hedge_trimmer,_trimming,_garden_style@20250908-072450",sketchshape,0.5
"3dgcqa-4k/sketchshape/a_bay_leaf,_simmering,_aromatic_style@20250910-155454",sketchshape,0.4
"3dgcqa-4k/sketchshape/a_peppermint,_cooling,_refreshing_style@20250909-092502",sketchshape,1.0
"3dgcqa-4k/sketchshape/a_shield,_blocking,_steampunk_style@20250908-152850",sketchshape,0.5
"3dgcqa-4k/sketchshape/a_beach_ball,_bouncing,_holiday_style@20250907-212145",sketchshape,0.9
"3dgcqa-4k/sketchshape/a_train_set,_assembling,_intricate_style@20250912-124552",sketchshape,3.0
"3dgcqa-4k/sketchshape/a_piglet,_snorting,_adorable_style@20250912-021340",sketchshape,3.1
"3dgcqa-4k/sketchshape/a_dwarf_hamster,_scurrying,_tiny_style@20250909-235504",sketchshape,0.7
"3dgcqa-4k/sketchshape/a_horseradish,_shredding,_pungent_style@20250910-105933",sketchshape,2.5
"3dgcqa-4k/sketchshape/a_espresso_martini,_shaking,_classy_style@20250912-021009",sketchshape,0.4
"3dgcqa-4k/sketchshape/a_goblet,_drinking,_medieval_style@20250912-015819",sketchshape,0.0
"3dgcqa-4k/sketchshape/a_ceramic_bunny,_hopping,_cute_style@20250912-115956",sketchshape,3.2
"3dgcqa-4k/sketchshape/a_GPS_device,_navigating,_modern_style@20250910-034630",sketchshape,2.1
"3dgcqa-4k/sketchshape/a_birdbath,_filling,_garden_style@20250910-232208",sketchshape,2.1
"3dgcqa-4k/sketchshape/a_figurine,_posing,_decorative_style@20250911-092045",sketchshape,0.3
"3dgcqa-4k/sketchshape/a_graphics_tablet,_drawing,_artistic_style@20250909-133414",sketchshape,2.0
"3dgcqa-4k/sketchshape/a_gingerbread_house,_building,_festive_style@20250906-210905",sketchshape,0.5
"3dgcqa-4k/sketchshape/a_sundial,_shadowing,_timeless_style@20250906-210906",sketchshape,0.0
"3dgcqa-4k/sketchshape/a_sundae,_melting,_neon_style@20250907-154316",sketchshape,0.7
"3dgcqa-4k/sketchshape/a_toy_boat,_sailing,_maritime_style@20250908-051645",sketchshape,4.1
"3dgcqa-4k/sketchshape/a_jug,_pouring,_rustic_style@20250909-085208",sketchshape,3.8
"3dgcqa-4k/sketchshape/a_tiramisu,_layering,_Italian_style@20250908-193909",sketchshape,1.7
"3dgcqa-4k/sketchshape/a_flashlight,_illuminating,_functional_style@20250909-074539",sketchshape,0.7
"3dgcqa-4k/sketchshape/a_wine_glass,_clinking,_minimalist_style@20250907-215806",sketchshape,0.3
"3dgcqa-4k/sketchshape/a_nutmeg,_grating,_spicy_style@20250909-030607",sketchshape,1.2
"3dgcqa-4k/sketchshape/a_plate,_spinning,_minimalist_style@20250912-154342",sketchshape,0.5
"3dgcqa-4k/sketchshape/a_betta_fish,_flaring,_colorful_style@20250910-124037",sketchshape,3.0
"3dgcqa-4k/sketchshape/a_multitool,_integrating,_versatile_style@20250909-160028",sketchshape,0.2
"3dgcqa-4k/sketchshape/a_anvil,_forging,_medieval_style@20250908-033421",sketchshape,3.5
"3dgcqa-4k/sketchshape/a_cake,_frosting,_pastel_style@20250906-210906",sketchshape,1.8
"3dgcqa-4k/sketchshape/a_mosaic_tile,_fitting,_intricate_style@20250911-211631",sketchshape,1.2
"3dgcqa-4k/sketchshape/a_file,_smoothing,_industrial_style@20250909-111321",sketchshape,1.1
"3dgcqa-4k/sketchshape/a_juniper_berry,_infusing,_gin_style@20250909-200318",sketchshape,0.5
"3dgcqa-4k/sketchshape/a_fruit_bowl,_filling,_colorful_style@20250910-132431",sketchshape,2.7
"3dgcqa-4k/sketchshape/a_bunny,_nibbling,_soft_style@20250910-175742",sketchshape,3.7
"3dgcqa-4k/sketchshape/a_kombucha,_fermenting,_organic_style@20250906-210905",sketchshape,1.8
"3dgcqa-4k/sketchshape/a_jackhammer,_breaking,_urban_style@20250909-055038",sketchshape,2.0
"3dgcqa-4k/sketchshape/a_cockatoo,_screaming,_exotic_style@20250911-142756",sketchshape,2.5
"3dgcqa-4k/sketchshape/a_plush_toy,_hugging,_soft_style@20250907-090047",sketchshape,3.7
"3dgcqa-4k/sketchshape/a_hammer,_swinging,_sketch_style@20250909-132453",sketchshape,0.6
"3dgcqa-4k/sketchshape/a_peacock,_displaying,_regal_style@20250910-053620",sketchshape,2.2
"3dgcqa-4k/sketchshape/a_building_blocks,_stacking,_colorful_style@20250907-220427",sketchshape,4.1
"3dgcqa-4k/sketchshape/a_pillow,_fluffing,_comfortable_style@20250912-164729",sketchshape,1.8
"3dgcqa-4k/sketchshape/a_trampoline,_bouncing,_energetic_style@20250906-210905",sketchshape,1.4
"3dgcqa-4k/sketchshape/a_smart_bulb,_lighting,_ambient_style@20250909-090451",sketchshape,0.4
"3dgcqa-4k/sketchshape/a_bicycle,_cycling,_adventure_style@20250907-032602",sketchshape,0.0
"3dgcqa-4k/sketchshape/a_corgi,_running,_energetic_style@20250910-062241",sketchshape,1.3
"3dgcqa-4k/sketchshape/a_gecko,_sticking,_adhesive_style@20250911-053512",sketchshape,1.7
"3dgcqa-4k/sketchshape/a_tile,_cracking,_graffiti_style@20250907-224435",sketchshape,0.2
"3dgcqa-4k/sketchshape/a_flowerpot,_planting,_garden_style@20250910-075934",sketchshape,0.4
"3dgcqa-4k/sketchshape/a_rug,_unraveling,_tribal_style@20250911-153822",sketchshape,0.0
"3dgcqa-4k/sketchshape/a_flannel_shirt,_warming,_casual_style@20250911-003310",sketchshape,1.2
"3dgcqa-4k/sketchshape/a_macaron,_stacking,_chic_style@20250908-040421",sketchshape,3.6
"3dgcqa-4k/sketchshape/a_cortado,_sipping,_balanced_style@20250910-162912",sketchshape,2.7
"3dgcqa-4k/sketchshape/a_compass_rose,_guiding,_navigational_style@20250912-055923",sketchshape,2.0
"3dgcqa-4k/sketchshape/a_sword,_clashing,_medieval_style@20250908-100848",sketchshape,3.0
"3dgcqa-4k/sketchshape/a_action_camera,_recording,_rugged_style@20250910-123503",sketchshape,3.0
"3dgcqa-4k/sketchshape/a_stud_finder,_detecting,_precise_style@20250911-132856",sketchshape,1.3
"3dgcqa-4k/sketchshape/a_helmet,_glowing,_sci-fi_style@20250909-155344",sketchshape,0.9
"3dgcqa-4k/sketchshape/a_tart,_glazing,_glossy_style@20250908-145618",sketchshape,0.4
"3dgcqa-4k/sketchshape/a_fennel_seed,_cracking,_fresh_style@20250909-204727",sketchshape,2.6
"3dgcqa-4k/sketchshape/a_chive,_chopping,_garnish_style@20250910-072608",sketchshape,0.1
"3dgcqa-4k/sketchshape/a_hot_cider,_mulling,_festive_style@20250911-154923",sketchshape,2.9
"3dgcqa-4k/sketchshape/a_beanie,_knitting,_urban_style@20250907-131012",sketchshape,2.5
"3dgcqa-4k/sketchshape/a_teddy_bear,_waving,_cartoon_style@20250908-043450",sketchshape,2.0
"3dgcqa-4k/sketchshape/a_gelatin,_setting,_jiggly_style@20250909-012457",sketchshape,2.0
"3dgcqa-4k/sketchshape/a_drone,_flying,_high-tech_style@20250909-204707",sketchshape,0.6
"3dgcqa-4k/sketchshape/a_canary,_singing,_melodic_style@20250911-042447",sketchshape,2.5
"3dgcqa-4k/sketchshape/a_herbal_tea,_steeping,_calming_style@20250912-083913",sketchshape,2.6
"3dgcqa-4k/sketchshape/a_angel_food_cake,_slicing,_airy_style@20250909-074235",sketchshape,2.2
"3dgcqa-4k/sketchshape/a_sextant,_aligning,_nautical_style@20250906-210905",sketchshape,2.0
"3dgcqa-4k/sketchshape/a_tabby_cat,_lounging,_relaxed_style@20250910-191606",sketchshape,0.4
"3dgcqa-4k/sketchshape/a_nail_gun,_nailing,_efficient_style@20250908-092238",sketchshape,2.1
"3dgcqa-4k/sketchshape/a_thyme_sprig,_adding,_subtle_style@20250910-121143",sketchshape,2.0
"3dgcqa-4k/sketchshape/a_tapestry,_weaving,_historical_style@20250907-023803",sketchshape,3.0
"3dgcqa-4k/sketchshape/a_curtain,_hanging,_elegant_style@20250907-080841",sketchshape,2.1
"3dgcqa-4k/sketchshape/a_paintbrush,_stroking,_impressionist_style@20250909-154057",sketchshape,3.5
"3dgcqa-4k/sketchshape/a_budgie,_flying,_colorful_style@20250910-171724",sketchshape,2.0
"3dgcqa-4k/sketchshape/a_teapot,_whistling,_line_art_style@20250907-160709",sketchshape,1.3
"3dgcqa-4k/sketchshape/a_truffle,_coating,_decadent_style@20250907-191716",sketchshape,1.8
"3dgcqa-4k/sketchshape/a_goblet,_spilling,_gothic_style@20250909-035905",sketchshape,0.0
"3dgcqa-4k/sketchshape/a_handbag,_accessorizing,_stylish_style@20250907-191239",sketchshape,0.5
"3dgcqa-4k/sketchshape/a_balloon,_inflating,_festive_style@20250906-210905",sketchshape,1.9
"3dgcqa-4k/sketchshape/a_peppermint_tea,_steaming,_soothing_style@20250911-194646",sketchshape,1.5
"3dgcqa-4k/sketchshape/a_great_dane,_towering,_majestic_style@20250910-004015",sketchshape,0.6
"3dgcqa-4k/sketchshape/a_action_figure,_posing,_heroic_style@20250907-144907",sketchshape,1.9
"3dgcqa-4k/sketchshape/a_mortar_and_pestle,_grinding,_essential_style@20250909-144703",sketchshape,2.0
"3dgcqa-4k/sketchshape/a_chai_latte,_foaming,_spicy_style@20250912-193213",sketchshape,0.7
"3dgcqa-4k/sketchshape/a_mint_leaf,_muddling,_refreshing_style@20250911-105518",sketchshape,2.1
"3dgcqa-4k/sketchshape/a_mosaic,_assembling,_intricate_style@20250912-121950",sketchshape,1.1
"3dgcqa-4k/sketchshape/a_medallion,_shining,_ornate_style@20250909-210559",sketchshape,0.5
"3dgcqa-4k/sketchshape/a_border_collie,_herding,_intelligent_style@20250911-114851",sketchshape,3.7
"3dgcqa-4k/sketchshape/a_flag,_waving,_patriotic_style@20250907-091339",sketchshape,0.9
"3dgcqa-4k/sketchshape/a_level,_aligning,_accurate_style@20250908-230320",sketchshape,1.1
"3dgcqa-4k/sketchshape/a_cocktail_glass,_shaking,_tropical_style@20250912-142857",sketchshape,0.5
"3dgcqa-4k/sketchshape/a_hand_saw,_sawing,_traditional_style@20250907-205333",sketchshape,0.9
"3dgcqa-4k/sketchshape/a_tablecloth,_spreading,_rustic_style@20250912-102103",sketchshape,0.8
"3dgcqa-4k/sketchshape/a_reciprocating_saw,_cutting,_robust_style@20250908-145429",sketchshape,0.9
"3dgcqa-4k/sketchshape/a_inkwell,_dipping,_classic_style@20250910-165837",sketchshape,1.6
"3dgcqa-4k/sketchshape/a_lizard,_climbing,_geometric_style@20250911-175322",sketchshape,0.0
"3dgcqa-4k/sketchshape/a_mocha,_swirling,_decadent_style@20250912-143818",sketchshape,1.6
"3dgcqa-4k/sketchshape/a_energy_drink,_electrifying,_high-tech_style@20250907-034914",sketchshape,1.0
"3dgcqa-4k/sketchshape/a_washbasin,_filling,_rustic_style@20250911-135159",sketchshape,2.5
"3dgcqa-4k/sketchshape/a_stein,_clinking,_festive_style@20250911-133255",sketchshape,0.8
"3dgcqa-4k/sketchshape/a_margarita,_rimming,_party_style@20250912-005942",sketchshape,4.1
"3dgcqa-4k/sketchshape/a_crown,_shining,_fantasy_style@20250908-220249",sketchshape,1.6
"3dgcqa-4k/sketchshape/a_relic,_preserving,_sacred_style@20250911-104654",sketchshape,1.1
"3dgcqa-4k/sketchshape/a_frisbee,_flying,_outdoor_style@20250908-112434",sketchshape,1.2
"3dgcqa-4k/sketchshape/a_tablet,_swiping,_cyberpunk_style@20250910-065939",sketchshape,0.0
"3dgcqa-4k/sketchshape/a_hamster,_running,_cute_style@20250911-075535",sketchshape,1.4
"3dgcqa-4k/sketchshape/a_cashmere_scarf,_wrapping,_luxurious_style@20250907-074206",sketchshape,2.1
"3dgcqa-4k/sketchshape/a_crepe,_filling,_delicate_style@20250908-080239",sketchshape,0.5
"3dgcqa-4k/sketchshape/a_stuffed_animal,_cuddling,_plush_style@20250907-031216",sketchshape,0.8
"3dgcqa-4k/sketchshape/a_pitcher,_filling,_country_style@20250911-143643",sketchshape,2.1
"3dgcqa-4k/sketchshape/a_sugar_bowl,_sweetening,_vintage_style@20250911-094646",sketchshape,2.3
"3dgcqa-4k/sketchshape/a_goldfish,_floating,_serene_style@20250911-041750",sketchshape,2.0
"3dgcqa-4k/sketchshape/a_dragon_egg,_hatching,_fantasy_style@20250909-001006",sketchshape,1.0
"3dgcqa-4k/sketchshape/a_plunger,_plunging,_household_style@20250909-222020",sketchshape,0.6
"3dgcqa-4k/sketchshape/a_handwoven_blanket,_comforting,_cozy_style@20250910-092007",sketchshape,1.0
"3dgcqa-4k/sketchshape/a_sledgehammer,_demolishing,_powerful_style@20250908-203220",sketchshape,0.7
"3dgcqa-4k/sketchshape/a_Bluetooth_speaker,_blasting,_portable_style@20250909-120526",sketchshape,0.9
"3dgcqa-4k/sketchshape/a_broom,_sweeping,_traditional_style@20250908-143842",sketchshape,3.2
"3dgcqa-4k/sketchshape/a_caulking_gun,_sealing,_precise_style@20250908-094431",sketchshape,4.3
"3dgcqa-4k/sketchshape/a_bonnet,_tying,_old-fashioned_style@20250907-203131",sketchshape,0.0
"3dgcqa-4k/sketchshape/a_doll,_dancing,_anime_style@20250908-175138",sketchshape,4.1
"3dgcqa-4k/sketchshape/a_clay_jug,_pouring,_pastoral_style@20250907-095458",sketchshape,1.5
"3dgcqa-4k/sketchshape/a_matcha_tea,_whisking,_zen_style@20250906-210905",sketchshape,0.8
"3dgcqa-4k/sketchshape/a_fitness_tracker,_monitoring,_sporty_style@20250910-234316",sketchshape,0.0
"3dgcqa-4k/sketchshape/a_yoga_mat,_rolling,_zen_style@20250907-023201",sketchshape,1.7
"3dgcqa-4k/sketchshape/a_chili_powder,_spicing,_fiery_style@20250909-151753",sketchshape,0.0
"3dgcqa-4k/sketchshape/a_iced_tea,_cooling,_summer_style@20250907-033759",sketchshape,2.5
"3dgcqa-4k/sketchshape/a_fondue_pot,_bubbling,_convivial_style@20250910-222048",sketchshape,1.4
"3dgcqa-4k/sketchshape/a_stocking,_hanging,_festive_style@20250907-184334",sketchshape,3.4
"3dgcqa-4k/sketchshape/a_decorative_plate,_displaying,_ornamental_style@20250911-045645",sketchshape,0.0
"3dgcqa-4k/sketchshape/a_ferret,_exploring,_playful_style@20250911-044341",sketchshape,1.5
"3dgcqa-4k/sketchshape/a_statue,_crumbling,_classical_style@20250909-103744",sketchshape,0.2
"3dgcqa-4k/sketchshape/a_fish,_swimming,_watercolor_style@20250912-075915",sketchshape,0.7
"3dgcqa-4k/sketchshape/a_chocolate_bar,_breaking,_indulgent_style@20250912-142959",sketchshape,2.5
"3dgcqa-4k/sketchshape/a_tape,_measuring,_precise_style@20250907-035025",sketchshape,0.5
"3dgcqa-4k/sketchshape/a_lego_set,_building,_creative_style@20250907-205204",sketchshape,4.1
"3dgcqa-4k/sketchshape/a_cumin_seed,_toasting,_earthy_style@20250909-095853",sketchshape,1.0
"3dgcqa-4k/sketchshape/a_smart_home_device,_automating,_innovative_style@20250910-183302",sketchshape,1.0
"3dgcqa-4k/sketchshape/a_camera,_flashing,_realistic_style@20250911-015311",sketchshape,3.8
"3dgcqa-4k/sketchshape/a_astrolabe,_exploring,_navigational_style@20250912-142543",sketchshape,2.0
"3dgcqa-4k/sketchshape/a_toy_drum,_banging,_rhythmic_style@20250907-091212",sketchshape,1.6
"3dgcqa-4k/sketchshape/a_toy_plane,_soaring,_aviation_style@20250907-100511",sketchshape,2.6
"3dgcqa-4k/sketchshape/a_spanner,_tightening,_mechanical_style@20250907-203127",sketchshape,0.3
"3dgcqa-4k/sketchshape/a_pina_colada,_chilling,_holiday_style@20250912-033258",sketchshape,0.0
"3dgcqa-4k/sketchshape/a_marshmallow,_toasting,_campfire_style@20250908-203856",sketchshape,1.3
"3dgcqa-4k/sketchshape/a_puppy,_wagging,_joyful_style@20250911-055328",sketchshape,0.6
"3dgcqa-4k/sketchshape/a_napkin,_folding,_formal_style@20250907-133405",sketchshape,0.2
"3dgcqa-4k/sketchshape/a_butter_dish,_spreading,_classic_style@20250910-182720",sketchshape,0.0
"3dgcqa-4k/sketchshape/a_garden_fork,_turning,_horticultural_style@20250909-044825",sketchshape,2.2
"3dgcqa-4k/sketchshape/a_mousse,_whipping,_airy_style@20250908-013628",sketchshape,2.1
"3dgcqa-4k/sketchshape/a_crepe,_folding,_delicate_style@20250907-200724",sketchshape,0.6
"3dgcqa-4k/sketchshape/a_cocktail,_shaking,_cubist_style@20250907-101633",sketchshape,1.5
"3dgcqa-4k/sketchshape/a_wool_sweater,_knitting,_handmade_style@20250911-152937",sketchshape,3.7
"3dgcqa-4k/sketchshape/a_air_conditioner,_cooling,_summer_style@20250910-081416",sketchshape,2.7
"3dgcqa-4k/sketchshape/a_biscotti,_dipping,_crunchy_style@20250909-061917",sketchshape,0.5
"3dgcqa-4k/sketchshape/a_slinky,_stretching,_retro_style@20250906-210906",sketchshape,1.5
"3dgcqa-4k/sketchshape/a_cold_brew,_dripping,_iced_style@20250912-042140",sketchshape,4.0
"3dgcqa-4k/sketchshape/a_kitten,_playing,_playful_style@20250911-000305",sketchshape,1.8
"3dgcqa-4k/sketchshape/a_rabbit,_hopping,_line_art_style@20250912-121854",sketchshape,0.7
"3dgcqa-4k/sketchshape/a_soldering_iron,_welding,_delicate_style@20250909-021831",sketchshape,1.6
"3dgcqa-4k/sketchshape/a_lollipop,_licking,_colorful_style@20250908-133819",sketchshape,2.9
"3dgcqa-4k/sketchshape/a_pliers,_gripping,_rough_sketch_style@20250909-043839",sketchshape,1.7
"3dgcqa-4k/sketchshape/a_nutmeg,_grating,_spiced_style@20250909-150542",sketchshape,1.6
"3dgcqa-4k/sketchshape/a_beagle,_sniffing,_active_style@20250910-224005",sketchshape,2.2
"3dgcqa-4k/sketchshape/a_clove,_scenting,_warm_style@20250910-092719",sketchshape,2.1
"3dgcqa-4k/sketchshape/a_meringue,_whipping,_airy_style@20250907-084100",sketchshape,1.1
"3dgcqa-4k/sketchshape/a_digital_camera,_capturing,_photography_style@20250910-124356",sketchshape,1.0
"3dgcqa-4k/sketchshape/a_ginger_root,_grating,_zingy_style@20250910-193050",sketchshape,2.8
"3dgcqa-4k/sketchshape/a_spinning_top,_spinning,_kinetic_style@20250906-210905",sketchshape,1.4
"3dgcqa-4k/sketchshape/a_green_smoothie,_blending,_healthy_style@20250912-032030",sketchshape,0.0
"3dgcqa-4k/sketchshape/a_smoothie,_blending,_pop_art_style@20250906-210905",sketchshape,2.6
"3dgcqa-4k/sketchshape/a_dragon_vase,_roaring,_mythical_style@20250912-064515",sketchshape,2.6
"3dgcqa-4k/sketchshape/a_digital_piano,_playing,_musical_style@20250910-175619",sketchshape,2.4
"3dgcqa-4k/sketchshape/a_hair_dryer,_blowing,_salon_style@20250910-073202",sketchshape,0.9
"3dgcqa-4k/sketchshape/a_soundbar,_sounding,_immersive_style@20250909-153314",sketchshape,0.0
"3dgcqa-4k/sketchshape/a_glue_gun,_bonding,_crafty_style@20250909-045333",sketchshape,1.7
"3dgcqa-4k/sketchshape/a_hacksaw,_cutting,_precision_style@20250908-135900",sketchshape,1.7
"3dgcqa-4k/sketchshape/a_seltzer,_bubbling,_refreshing_style@20250912-170411",sketchshape,0.8
"3dgcqa-4k/sketchshape/a_red_wine,_breathing,_elegant_style@20250912-062709",sketchshape,1.5
"3dgcqa-4k/sketchshape/a_chariot_wheel,_rolling,_epic_style@20250909-065345",sketchshape,3.2
"3dgcqa-4k/sketchshape/a_marbles,_rolling,_classic_style@20250907-025607",sketchshape,1.2
"3dgcqa-4k/sketchshape/a_malt_shake,_thickening,_creamy_style@20250912-072031",sketchshape,4.0
"3dgcqa-4k/sketchshape/a_ancient_book,_opening,_literary_style@20250908-180134",sketchshape,1.9
"3dgcqa-4k/sketchshape/a_lemonade,_dripping,_graffiti_style@20250907-033516",sketchshape,2.7
"3dgcqa-4k/sketchshape/a_silk_ribbon,_fluttering,_elegant_style@20250910-142751",sketchshape,0.5
"3dgcqa-4k/sketchshape/a_drill,_boring,_powerful_style@20250908-171307",sketchshape,0.4
"3dgcqa-4k/sketchshape/a_lantern,_illuminating,_vintage_style@20250907-162611",sketchshape,2.1
"3dgcqa-4k/sketchshape/a_e-book_reader,_page-turning,_literary_style@20250909-014624",sketchshape,1.7
"3dgcqa-4k/sketchshape/a_eclair,_filling,_classic_style@20250908-014207",sketchshape,1.1
"3dgcqa-4k/sketchshape/a_yo-yo,_looping,_classic_style@20250907-105925",sketchshape,0.7
"3dgcqa-4k/sketchshape/a_brooch,_clasping,_ornate_style@20250912-004423",sketchshape,0.3
"3dgcqa-4k/sketchshape/a_turtle,_crawling,_minimalistic_style@20250911-131007",sketchshape,0.7
"3dgcqa-4k/sketchshape/a_sandal,_wearing,_ancient_style@20250912-010901",sketchshape,3.0
"3dgcqa-4k/sketchshape/a_garden_gnome,_smiling,_whimsical_style@20250906-210906",sketchshape,2.5
"3dgcqa-4k/sketchshape/a_blender,_blending,_culinary_style@20250910-183627",sketchshape,0.3
"3dgcqa-4k/sketchshape/a_shawl,_weaving,_intricate_style@20250910-121320",sketchshape,0.7
"3dgcqa-4k/sketchshape/a_roman_coin,_flipping,_historical_style@20250908-103906",sketchshape,1.2
"3dgcqa-4k/sketchshape/a_chisel,_carving,_photorealistic_style@20250910-015531",sketchshape,3.8
"3dgcqa-4k/sketchshape/a_e-reader,_displaying,_minimalistic_style@20250909-184913",sketchshape,0.0
"3dgcqa-4k/sketchshape/a_thai_iced_tea,_blending,_exotic_style@20250910-222048",sketchshape,0.5
"3dgcqa-4k/sketchshape/a_VR_headset,_immersing,_artistic_style@20250911-030600",sketchshape,0.2
"3dgcqa-4k/sketchshape/a_satin_sheet,_draping,_luxury_style@20250912-010609",sketchshape,1.4
"3dgcqa-4k/sketchshape/a_macaw,_squawking,_vibrant_style@20250910-104723",sketchshape,2.3
"3dgcqa-4k/sketchshape/a_doorbell_camera,_watching,_security_style@20250910-053507",sketchshape,3.8
"3dgcqa-4k/sketchshape/a_game_console,_gaming,_entertainment_style@20250909-210645",sketchshape,0.0
"3dgcqa-4k/sketchshape/a_husky,_howling,_winter_style@20250911-000857",sketchshape,2.1
"3dgcqa-4k/sketchshape/a_canary,_singing,_bright_style@20250911-101421",sketchshape,0.4
"3dgcqa-4k/sketchshape/a_ginger_ale,_fizzing,_zesty_style@20250906-210904",sketchshape,0.5
"3dgcqa-4k/sketchshape/a_iguana,_basking,_exotic_style@20250911-211000",sketchshape,0.5
"3dgcqa-4k/sketchshape/a_periscope,_peeking,_innovative_style@20250912-054146",sketchshape,0.9
3dgcqa-4k/tripo/tri_a_mosaic_assembling_intricate_style,tripo,3.0
3dgcqa-4k/tripo/tri_a_canary_singing_bright_style,tripo,2.9
3dgcqa-4k/tripo/tri_a_balloon_inflating_festive_style,tripo,4.4
3dgcqa-4k/tripo/tri_a_doorbell_camera_watching_security_style,tripo,3.8
3dgcqa-4k/tripo/tri_a_vodka_tonic_mixing_night_out_style,tripo,4.8
3dgcqa-4k/tripo/tri_a_casserole_dish_baking_homely_style,tripo,4.8
3dgcqa-4k/tripo/tri_a_rune_stone_reading_Viking_style,tripo,1.8
3dgcqa-4k/tripo/tri_a_milkshake_swirling_retro_style,tripo,4.0
3dgcqa-4k/tripo/tri_a_wine_glass_clinking_minimalist_style,tripo,3.5
3dgcqa-4k/tripo/tri_a_dwarf_hamster_scurrying_tiny_style.zip,tripo,4.7
3dgcqa-4k/tripo/tri_a_clamp_securing_sturdy_style,tripo,4.2
3dgcqa-4k/tripo/tri_a_tablecloth_spreading_rustic_style,tripo,2.1
3dgcqa-4k/tripo/tri_a_chariot_wheel_rolling_epic_style,tripo,3.9
3dgcqa-4k/tripo/tri_a_instant_pot_cooking_modern_style,tripo,3.0
3dgcqa-4k/tripo/tri_a_sundial_shadowing_timeless_style,tripo,3.8
3dgcqa-4k/tripo/tri_a_puzzle_piece_fitting_flat_style,tripo,3.0
3dgcqa-4k/tripo/a_cheesecake_slicing_decadent_style,tripo,3.8
3dgcqa-4k/tripo/tri_a_turmeric_root_grinding_vibrant_style,tripo,4.6
3dgcqa-4k/tripo/tri_a_shawl_weaving_intricate_style,tripo,2.8
3dgcqa-4k/tripo/tri_a_fennel_seed_cracking_fresh_style,tripo,4.6
3dgcqa-4k/tripo/tri_a_smartwatch_beeping_vector_style,tripo,4.5
3dgcqa-4k/tripo/tri_a_nail_puller_extracting_heavy-duty_style,tripo,3.9
3dgcqa-4k/tripo/tri_a_caulking_gun_sealing_precise_style.zip,tripo,4.8
3dgcqa-4k/tripo/tri_a_laptop_typing_flat_design_style,tripo,4.0
3dgcqa-4k/tripo/tri_a_crown_shining_fantasy_style,tripo,4.2
3dgcqa-4k/tripo/tri_a_cortado_sipping_balanced_style.zip,tripo,4.5
3dgcqa-4k/tripo/tri_a_lego_set_building_creative_style,tripo,2.5
3dgcqa-4k/tripo/tri_a_jug_pouring_rustic_style,tripo,3.3
3dgcqa-4k/tripo/tri_a_pliers_gripping_rough_sketch_style,tripo,4.7
3dgcqa-4k/tripo/tri_a_robot_vacuum_cleaning_automated_style,tripo,4.6
3dgcqa-4k/tripo/tri_a_LED_lamp_illuminating_bright_style,tripo,4.6
3dgcqa-4k/tripo/tri_a_churro_frying_cinnamon_style,tripo,3.1
3dgcqa-4k/tripo/tri_a_bearded_dragon_basking_reptilian_style,tripo,3.5
3dgcqa-4k/tripo/tri_a_e-book_reader_page-turning_literary_style,tripo,4.6
3dgcqa-4k/tripo/tri_a_kimono_wrapping_oriental_style,tripo,4.8
3dgcqa-4k/tripo/tri_a_basil_leaf_crushing_fresh_style,tripo,4.5
3dgcqa-4k/tripo/tri_a_betta_fish_flaring_colorful_style,tripo,4.1
3dgcqa-4k/tripo/tri_a_baklava_layering_Middle_Eastern_style,tripo,4.6
3dgcqa-4k/tripo/tri_a_toy_gun_shooting_action-packed_style,tripo,4.4
3dgcqa-4k/tripo/try_a_train_set_assembling_intricate_style,tripo,4.6
3dgcqa-4k/tripo/tri_a_statue_crumbling_classical_style,tripo,4.7
3dgcqa-4k/tripo/tri_a_porcelain_doll_dressing_delicate_style,tripo,5.0
3dgcqa-4k/tripo/tri_a_cockatoo_screaming_exotic_style,tripo,4.5
3dgcqa-4k/tripo/tri_a_vase_cracking_antique_style,tripo,4.1
3dgcqa-4k/tripo/tri_a_water_bottle_splashing_contemporary_style,tripo,4.5
3dgcqa-4k/tripo/tri_a_beanie_knitting_urban_style,tripo,4.2
3dgcqa-4k/tripo/tri_a_shop_vac_vacuuming_heavy-duty_style.zip,tripo,4.5
3dgcqa-4k/tripo/tri_a_video_doorbell_monitoring_smart_style.zip,tripo,4.6
3dgcqa-4k/tripo/tri_a_betta_fish_fighting_vibrant_style,tripo,4.2
3dgcqa-4k/tripo/tri_a_dragon_egg_hatching_fantasy_style,tripo,4.7
3dgcqa-4k/tripo/tri_a_herbal_tea_steeping_calming_style,tripo,3.5
3dgcqa-4k/tripo/a_suede_glove_fitting_chic_style,tripo,3.7
3dgcqa-4k/tripo/tri_a_ancient_book_opening_literary_style,tripo,4.5
3dgcqa-4k/tripo/tri_a_chai_latte_foaming_spicy_style,tripo,4.5
3dgcqa-4k/tripo/tri_a_husky_howling_winter_style,tripo,3.9
3dgcqa-4k/tripo/tri_a_lizard_climbing_geometric_style,tripo,4.1
3dgcqa-4k/tripo/tri_a_tape_measure_extending_infographic_style,tripo,4.6
3dgcqa-4k/tripo/tri_a_cupcake_decorating_kawaii_style,tripo,5.0
3dgcqa-4k/tripo/a_eclair_filling_classic_style,tripo,4.6
3dgcqa-4k/tripo/tri_a_espresso_machine_brewing_aromatic_style,tripo,4.1
3dgcqa-4k/tripo/tri_a_chisel_carving_photorealistic_style,tripo,3.7
3dgcqa-4k/tripo/tri_a_dress_twirling_art_deco_style,tripo,4.8
3dgcqa-4k/tripo/tri_a_action_figure_posing_superhero_style,tripo,5.0
3dgcqa-4k/tripo/tri_a_smartwatch_notifying_sleek_style,tripo,5.0
3dgcqa-4k/tripo/tri_a_bolt_cutter_cutting_forceful_style,tripo,4.3
3dgcqa-4k/tripo/tri_a_Bluetooth_speaker_blasting_portable_style,tripo,4.6
3dgcqa-4k/tripo/tri_a_tapestry_hanging_baroque_style,tripo,4.3
3dgcqa-4k/tripo/tri_a_bowl_shattering_comic_book_style,tripo,2.6
3dgcqa-4k/tripo/tri_a_tile_cracking_graffiti_style,tripo,4.2
3dgcqa-4k/tripo/tri_a_stuffed_bunny_cuddling_kawaii_style,tripo,3.5
3dgcqa-4k/tripo/tri_a_crepe_filling_delicate_style,tripo,4.5
3dgcqa-4k/tripo/tri_a_projector_projecting_cinematic_style,tripo,4.5
3dgcqa-4k/tripo/a_denim_jacket_fraying_edgy_style,tripo,4.5
3dgcqa-4k/tripo/tri_a_sorbet_freezing_refreshing_style,tripo,3.5
3dgcqa-4k/tripo/tri_a_reciprocating_saw_cutting_robust_style.zip,tripo,4.6
3dgcqa-4k/tripo/tri_a_espresso_dripping_Italian_cafe_style,tripo,4.9
3dgcqa-4k/tripo/tri_a_tablecloth_spreading_elegant_style,tripo,1.4
3dgcqa-4k/tripo/tri_a_sandpaper_sanding_smooth_style,tripo,3.4
3dgcqa-4k/tripo/tri_a_rocking_horse_rocking_nostalgic_style,tripo,4.6
3dgcqa-4k/tripo/tri_a_soldering_iron_welding_delicate_style.zip,tripo,4.6
3dgcqa-4k/tripo/tri_a_sugar_bowl_sweetening_vintage_style,tripo,4.6
3dgcqa-4k/tripo/tri_a_marbles_rolling_classic_style,tripo,0.0
3dgcqa-4k/tripo/tri_a_yo-yo_looping_classic_style,tripo,2.6
3dgcqa-4k/tripo/tri_a_peppermint_tea_steaming_soothing_style,tripo,4.4
3dgcqa-4k/tripo/tri_a_hamster_running_cute_style,tripo,1.7
3dgcqa-4k/tripo/tri_a_nail_gun_nailing_efficient_style,tripo,4.5
3dgcqa-4k/tripo/tri_a_game_console_gaming_entertainment_style,tripo,4.4
3dgcqa-4k/tripo/tri_a_goblet_spilling_gothic_style,tripo,0.5
3dgcqa-4k/tripo/tri_a_digital_camera_capturing_photography_style,tripo,4.5
3dgcqa-4k/tripo/tri_a_plunger_unclogging_essential_style.zip,tripo,3.8
3dgcqa-4k/tripo/tri_a_building_blocks_constructing_architectural_style,tripo,3.7
3dgcqa-4k/tripo/tri_a_pina_colada_chilling_holiday_style,tripo,4.5
3dgcqa-4k/tripo/tri_a_ring_enchanting_mystical_style,tripo,4.0
3dgcqa-4k/tripo/tri_a_smoothie_blending_pop_art_style,tripo,4.6
3dgcqa-4k/tripo/tri_a_relic_radiating_ancient_style,tripo,4.5
3dgcqa-4k/tripo/tri_a_gaming_mouse_clicking_responsive_style,tripo,4.6
3dgcqa-4k/tripo/tri_a_broom_sweeping_traditional_style,tripo,4.4
3dgcqa-4k/tripo/tri_a_hacksaw_cutting_precision_style,tripo,2.5
3dgcqa-4k/tripo/tri_a_spinning_top_spinning_kinetic_style,tripo,4.2
3dgcqa-4k/tripo/tri_a_helmet_glowing_sci-fi_style,tripo,4.7
3dgcqa-4k/tripo/tri_a_scarf_fluttering_boho_style,tripo,4.7
3dgcqa-4k/tripo/tri_a_hourglass_measuring_timeless_style,tripo,4.0
3dgcqa-4k/tripo/tri_a_poodle_prancing_stylish_style,tripo,4.7
3dgcqa-4k/tripo/tri_a_humidifier_misting_wellness_style,tripo,4.6
3dgcqa-4k/tripo/tri_a_napkin_folding_formal_style,tripo,2.3
3dgcqa-4k/tripo/tri_a_beach_ball_bouncing_holiday_style,tripo,4.7
3dgcqa-4k/tripo/tri_a_plate_spinning_minimalist_style,tripo,4.9
3dgcqa-4k/tripo/tri_a_macaw_squawking_vibrant_style,tripo,4.5
3dgcqa-4k/tripo/tri_a_action_figure_posing_heroic_style.zip,tripo,5.0
3dgcqa-4k/tripo/tri_a_cocktail_shaking_cubist_style,tripo,4.3
3dgcqa-4k/tripo/tri_a_jade_amulet_glowing_mystical_style,tripo,3.3
3dgcqa-4k/tripo/a_chocolate_bar_breaking_indulgent_style,tripo,4.2
3dgcqa-4k/tripo/tri_a_siamese_cat_stalking_sleek_style,tripo,4.1
3dgcqa-4k/tripo/tri_a_pepper_grinding_bold_style,tripo,3.5
3dgcqa-4k/tripo/tri_a_harpoon_thrusting_whaling_style,tripo,3.5
3dgcqa-4k/tripo/tri_a_juice_squeezing_fresh_style,tripo,4.2
3dgcqa-4k/tripo/tri_a_blanket_folding_vintage_style,tripo,2.0
3dgcqa-4k/tripo/tri_a_dill_weed_sprinkling_delicate_style,tripo,3.5
3dgcqa-4k/tripo/tri_a_saffron_thread_steeping_luxurious_style,tripo,4.5
3dgcqa-4k/tripo/tri_a_frappe_blending_cold_style,tripo,4.2
3dgcqa-4k/tripo/tri_a_turmeric_latte_mixing_golden_style,tripo,2.6
3dgcqa-4k/tripo/tri_a_fruit_bowl_filling_colorful_style,tripo,4.2
3dgcqa-4k/tripo/tri_a_inkwell_dipping_classic_style,tripo,4.6
3dgcqa-4k/tripo/tri_a_urn_sealing_classical_style,tripo,4.8
3dgcqa-4k/tripo/tri_a_wind-up_toy_moving_mechanical_style,tripo,4.6
3dgcqa-4k/tripo/tri_a_teddy_bear_waving_cartoon_style,tripo,4.2
3dgcqa-4k/tripo/tri_a_goblet_drinking_medieval_style,tripo,4.5
3dgcqa-4k/tripo/tri_a_pottery_wheel_turning_rustic_style,tripo,4.7
3dgcqa-4k/tripo/tri_a_nutmeg_grating_spiced_style,tripo,2.6
3dgcqa-4k/tripo/a_trifle_layering_festive_style,tripo,4.3
3dgcqa-4k/tripo/tri_a_level_balancing_steampunk_style,tripo,4.2
3dgcqa-4k/tripo/tri_a_scroll_revealing_mystical_style,tripo,2.4
3dgcqa-4k/tripo/tri_a_quilt_patching_folk_art_style,tripo,4.2
3dgcqa-4k/tripo/tri_a_parfait_layering_sleek_style,tripo,4.7
3dgcqa-4k/tripo/tri_a_quilt_patching_cozy_style,tripo,4.4
3dgcqa-4k/tripo/tri_a_guinea_pig_squeaking_cuddly_style,tripo,2.6
3dgcqa-4k/tripo/tri_a_pitcher_overflowing_cartoon_style,tripo,4.1
3dgcqa-4k/tripo/tri_a_soda_can_fizzing_pixel_art_style,tripo,1.7
3dgcqa-4k/tripo/tri_a_glue_gun_bonding_crafty_style,tripo,3.9
3dgcqa-4k/tripo/tri_a_thai_iced_tea_blending_exotic_style.zip,tripo,4.0
3dgcqa-4k/tripo/tri_a_hot_toddy_warming_cozy_style,tripo,4.5
3dgcqa-4k/tripo/tri_a_stud_finder_detecting_precise_style.zip,tripo,2.1
3dgcqa-4k/tripo/tri_a_pudding_wobbling_jiggly_style,tripo,4.2
3dgcqa-4k/tripo/tri_a_clay_tablet_inscribing_ancient_style,tripo,3.2
3dgcqa-4k/tripo/a_wool_sweater_knitting_handmade_style,tripo,3.2
3dgcqa-4k/tripo/tri_a_doughnut_sprinkling_playful_style,tripo,4.7
3dgcqa-4k/tripo/tri_a_pitcher_filling_country_style,tripo,0.0
3dgcqa-4k/tripo/tri_a_ceramic_bunny_hopping_cute_style,tripo,4.8
3dgcqa-4k/tripo/tri_a_goldfish_floating_serene_style,tripo,4.6
3dgcqa-4k/tripo/tri_a_chicken_pecking_farm_style,tripo,4.5
3dgcqa-4k/tripo/tri_a_scooter_riding_urban_style,tripo,4.1
3dgcqa-4k/tripo/tri_a_energy_drink_electrifying_high-tech_style,tripo,3.8
3dgcqa-4k/tripo/tri_a_gelato_scooping_Italian_style,tripo,1.5
3dgcqa-4k/tripo/tri_a_hand_saw_sawing_traditional_style,tripo,4.7
3dgcqa-4k/tripo/tri_a_mustard_seed_popping_tangy_style,tripo,2.3
3dgcqa-4k/tripo/tri_a_cocktail_glass_shaking_tropical_style,tripo,3.5
3dgcqa-4k/tripo/tri_a_roman_coin_flipping_historical_style,tripo,4.6
3dgcqa-4k/tripo/tri_a_blender_blending_culinary_style,tripo,2.6
3dgcqa-4k/tripo/tri_a_pottery_shard_reflecting_ancient_style,tripo,4.6
3dgcqa-4k/tripo/tri_a_garden_fork_turning_horticultural_style,tripo,3.8
3dgcqa-4k/tripo/tri_a_teapot_whistling_line_art_style,tripo,5.0
3dgcqa-4k/tripo/tri_a_remote_control_car_racing_fast-paced_style,tripo,1.7
3dgcqa-4k/tripo/tri_a_panna_cotta_garnishing_smooth_style,tripo,4.7
3dgcqa-4k/tripo/tri_a_dagger_slicing_heroic_style,tripo,4.2
3dgcqa-4k/tripo/tri_a_ferret_exploring_playful_style,tripo,3.4
3dgcqa-4k/tripo/tri_a_magic_set_performing_magician_style,tripo,5.0
3dgcqa-4k/tripo/tri_a_slinky_stretching_retro_style,tripo,4.3
3dgcqa-4k/tripo/tri_a_play-dough_molding_creative_style.zip,tripo,3.5
3dgcqa-4k/tripo/tri_a_espresso_martini_shaking_classy_style.zip,tripo,2.3
3dgcqa-4k/tripo/tri_a_leopard_gecko_ shedding_ patterned_style.zip,tripo,5.0
3dgcqa-4k/tripo/tri_a_chess_set_strategizing_classic_style,tripo,4.5
3dgcqa-4k/tripo/tri_a_tureen_serving_grand_style,tripo,4.6
3dgcqa-4k/tripo/tri_a_shield_blocking_steampunk_style,tripo,3.9
3dgcqa-4k/tripo/tri_a_teddy_bear_cuddling_timeless_style,tripo,3.7
3dgcqa-4k/tripo/tri_a_gecko_sticking_adhesive_style,tripo,4.5
3dgcqa-4k/tripo/tri_a_mocha_swirling_decadent_style,tripo,4.5
3dgcqa-4k/tripo/tri_a_compass_pointing_adventure_style,tripo,5.0
3dgcqa-4k/tripo/tri_a_flashlight_illuminating_functional_style,tripo,5.0
3dgcqa-4k/tripo/a_patchwork_quilt_assembling_vintage_style,tripo,4.6
3dgcqa-4k/tripo/tri_a_blocks_stacking_Bauhaus_style,tripo,3.1
3dgcqa-4k/tripo/tri_a_VR_headset_immersing_artistic_style,tripo,4.2
3dgcqa-4k/tripo/tri_a_brownie_baking_fudgy_style,tripo,4.6
3dgcqa-4k/tripo/tri_a_sledgehammer_demolishing_powerful_style,tripo,2.2
3dgcqa-4k/tripo/tri_a_macaron_sandwiching_pastel_style,tripo,4.4
3dgcqa-4k/tripo/tri_a_fondue_pot_bubbling_convivial_style,tripo,4.3
3dgcqa-4k/tripo/tri_a_ladder_climbing_high-reaching_style,tripo,2.2
3dgcqa-4k/tripo/tri_a_trowel_smoothing_masonry_style,tripo,4.6
3dgcqa-4k/tripo/tri_a_anvil_forging_medieval_style,tripo,2.1
3dgcqa-4k/tripo/tri_a_alpaca_grazing_fluffy_style.zip,tripo,1.5
3dgcqa-4k/tripo/tri_a_cider_pouring_autumn_style,tripo,4.4
3dgcqa-4k/tripo/tri_a_smart_lock_securing_futuristic_style,tripo,4.6
3dgcqa-4k/tripo/tri_a_yoga_mat_rolling_zen_style,tripo,4.5
3dgcqa-4k/tripo/tri_a_dalmatian_spotted_classic_style,tripo,3.8
3dgcqa-4k/tripo/tri_a_file_smoothing_industrial_style,tripo,4.5
3dgcqa-4k/tripo/tri_a_model_airplane_constructing_detailed_style,tripo,5.0
3dgcqa-4k/tripo/a_panna_cotta_setting_smooth_style,tripo,4.2
3dgcqa-4k/tripo/tri_a_rug_unraveling_tribal_style,tripo,3.6
3dgcqa-4k/tripo/tri_a_marshmallow_toasting_campfire_style,tripo,2.8
3dgcqa-4k/tripo/tri_a_basketball_dunking_dynamic_style,tripo,2.0
3dgcqa-4k/tripo/tri_a_graphics_tablet_drawing_artistic_style.zip,tripo,5.0
3dgcqa-4k/tripo/tri_a_chihuahua_barking_tiny_style,tripo,4.1
3dgcqa-4k/tripo/tri_a_multitool_integrating_versatile_style,tripo,4.7
3dgcqa-4k/tripo/tri_a_chamomile_tea_ steeping_ calming_style.zip,tripo,4.6
3dgcqa-4k/tripo/tri_a_doormat_wiping_welcome_style,tripo,2.1
3dgcqa-4k/tripo/tri_a_fitness_watch_tracking_active_style,tripo,3.8
3dgcqa-4k/tripo/tri_a_flag_waving_patriotic_style,tripo,2.0
3dgcqa-4k/tripo/tri_a_ankh_holding_symbolic_style,tripo,4.2
3dgcqa-4k/tripo/tri_a_hedgehog_curling_spiky_style,tripo,4.5
3dgcqa-4k/tripo/tri_a_quill_writing_classical_style,tripo,4.2
3dgcqa-4k/tripo/tri_a_great_dane_towering_majestic_style,tripo,2.5
3dgcqa-4k/tripo/tri_a_kite_flying_whimsical_style,tripo,2.3
3dgcqa-4k/tripo/tri_a_jackhammer_breaking_urban_style,tripo,5.0
3dgcqa-4k/tripo/tri_a_herbal_infusion_brewing_natural_style,tripo,4.5
3dgcqa-4k/tripo/tri_a_sculpture_glowing_surreal_style,tripo,4.3
3dgcqa-4k/tripo/tri_a_spade_digging_garden_style,tripo,4.6
3dgcqa-4k/tripo/tri_a_teacup_sipping_elegant_style,tripo,4.3
3dgcqa-4k/tripo/tri_a_handkerchief_waving_rococo_style,tripo,3.4
3dgcqa-4k/tripo/tri_a_sandal_wearing_ancient_style,tripo,4.6
3dgcqa-4k/tripo/tri_a_rabbit_hopping_line_art_style,tripo,4.4
3dgcqa-4k/tripo/tri_a_sparkling_water_bubbling_elegant_style,tripo,2.4
3dgcqa-4k/tripo/tri_a_hair_dryer_blowing_salon_style,tripo,4.4
3dgcqa-4k/tripo/tri_a_cinnamon_stick_curling_rustic_style,tripo,1.0
3dgcqa-4k/tripo/tri_a_relic_preserving_sacred_style,tripo,4.6
3dgcqa-4k/tripo/tri_a_robot_walking_sci-fi_style,tripo,5.0
3dgcqa-4k/tripo/tri_a_bulldog_drooling_wrinkly_style,tripo,4.4
3dgcqa-4k/tripo/tri_a_router_connecting_techie_style,tripo,4.1
3dgcqa-4k/tripo/tri_a_figurine_dancing_anime_style,tripo,5.0
3dgcqa-4k/tripo/tri_a_spanner_tightening_mechanical_style,tripo,4.6
3dgcqa-4k/tripo/tri_a_mug_steaming_pop_art_style,tripo,4.5
3dgcqa-4k/tripo/tri_a_rosemary_sprig_roasting_earthy_style,tripo,4.2
3dgcqa-4k/tripo/tri_a_air_purifier_purifying_clean_style,tripo,4.0
3dgcqa-4k/tripo/tri_a_helmet_wearing_protective_style,tripo,4.4
3dgcqa-4k/tripo/tri_a_stocking_hanging_festive_style,tripo,5.0
3dgcqa-4k/tripo/tri_a_lyre_strumming_musical_style,tripo,4.8
3dgcqa-4k/tripo/tri_a_waffle_topping_Belgian_style,tripo,2.1
3dgcqa-4k/tripo/tri_a_protein_shake_mixing_athletic_style,tripo,2.0
3dgcqa-4k/tripo/tri_a_fish_swimming_watercolor_style,tripo,4.1
3dgcqa-4k/tripo/tri_a_beagle_sniffing_active_style,tripo,0.0
3dgcqa-4k/tripo/tri_a_cannonball_firing_historical_style,tripo,2.4
3dgcqa-4k/tripo/tri_a_ball_bouncing_surreal_style,tripo,3.5
3dgcqa-4k/tripo/tri_a_profiterole_filling_creamy_style,tripo,3.4
3dgcqa-4k/tripo/tri_a_cappuccino_frothing_Italian_style,tripo,5.0
3dgcqa-4k/tripo/tri_a_protein_shake_ mixing_ fitness_style.zip,tripo,3.7
3dgcqa-4k/tripo/tri_a_peacock_displaying_regal_style.zip,tripo,4.7
3dgcqa-4k/tripo/tri_a_bicycle_cycling_adventure_style,tripo,4.8
3dgcqa-4k/tripo/tri_a_clove_scenting_warm_style,tripo,3.8
3dgcqa-4k/tripo/tri_a_ramekin_filling_culinary_style,tripo,4.7
3dgcqa-4k/tripo/tri_a_sword_clashing_medieval_style,tripo,4.5
3dgcqa-4k/tripo/tri_a_plush_toy_hugging_soft_style,tripo,4.2
3dgcqa-4k/tripo/tri_a_hot_cider_mulling_festive_style,tripo,4.2
3dgcqa-4k/tripo/tri_a_corgi_running_energetic_style,tripo,4.6
3dgcqa-4k/tripo/tri_a_turtle_crawling_minimalistic_style,tripo,4.2
3dgcqa-4k/tripo/tri_a_tart_glazing_glossy_style,tripo,4.6
3dgcqa-4k/tripo/tri_a_beer_mug_foaming_hand-drawn_style,tripo,4.7
3dgcqa-4k/tripo/a_lace_doily_decorating_delicate_style,tripo,3.4
3dgcqa-4k/tripo/tri_a_mortar_and_pestle_grinding_essential_style,tripo,4.4
3dgcqa-4k/tripo/tri_a_lollipop_licking_colorful_style,tripo,4.2
3dgcqa-4k/tripo/tri_a_cardamom_pod_bursting_fragrant_style,tripo,4.1
3dgcqa-4k/tripo/tri_a_chalice_filling_ceremonial_style,tripo,4.3
3dgcqa-4k/tripo/tri_a_clay_jug_pouring_pastoral_style,tripo,3.7
3dgcqa-4k/tripo/tri_a_cumin_seed_toasting_earthy_style,tripo,4.6
3dgcqa-4k/tripo/tri_a_frisbee_flying_outdoor_style,tripo,4.1
3dgcqa-4k/tripo/tri_a_parasol_opening_elegant_style,tripo,5.0
3dgcqa-4k/tripo/tri_a_digital_piano_playing_musical_style,tripo,3.8
3dgcqa-4k/tripo/tri_a_star_anise_floating_aromatic_style,tripo,4.5
3dgcqa-4k/tripo/tri_a_paintbrush_stroking_impressionist_style,tripo,5.0
3dgcqa-4k/tripo/tri_a_handwoven_blanket_comforting_cozy_style,tripo,2.5
3dgcqa-4k/tripo/tri_a_GPS_device_navigating_modern_style,tripo,4.9
3dgcqa-4k/tripo/tri_a_curtain_hanging_elegant_style,tripo,1.2
3dgcqa-4k/tripo/tri_a_sock_knitting_homely_style,tripo,4.6
3dgcqa-4k/tripo/tri_a_matcha_latte_whisking_zen_style,tripo,4.4
3dgcqa-4k/tripo/tri_a_brownie_baking_cozy_style,tripo,3.7
3dgcqa-4k/tripo/tri_a_fudge_cutting_rich_style,tripo,0.5
3dgcqa-4k/tripo/tri_a_smartphone_ringing_futuristic_style,tripo,4.1
3dgcqa-4k/tripo/tri_a_toy_drum_banging_rhythmic_style,tripo,5.0
3dgcqa-4k/tripo/tri_a_smart_bulb_lighting_ambient_style,tripo,4.4
3dgcqa-4k/tripo/tri_a_vice_gripping_workshop_style,tripo,4.5
3dgcqa-4k/tripo/tri_a_smart_thermostat_controlling_sleek_style,tripo,5.0
3dgcqa-4k/tripo/tri_a_garden_gnome_smiling_whimsical_style,tripo,4.1
3dgcqa-4k/tripo/tri_a_air_conditioner_cooling_summer_style,tripo,0.7
3dgcqa-4k/tripo/tri_a_iced_tea_cooling_summer_style,tripo,5.0
3dgcqa-4k/tripo/tri_a_amphora_carrying_ancient_style,tripo,5.0
3dgcqa-4k/tripo/tri_a_chameleon_changing_vibrant_style,tripo,4.1
3dgcqa-4k/tripo/tri_a_ceramic_egg_cracking_surprise_style,tripo,3.9
3dgcqa-4k/tripo/tri_a_horseradish_shredding_pungent_style,tripo,3.2
3dgcqa-4k/tripo/tri_a_fitness_tracker_monitoring_sporty_style,tripo,4.6
3dgcqa-4k/tripo/tri_a_puppy_wagging_joyful_style,tripo,5.0
"3dgcqa-4k/tripo/tri_a_shovel,_digging,_outdoor_style",tripo,4.2
3dgcqa-4k/tripo/tri_a_toy_soldier_marching_military_style,tripo,4.6
3dgcqa-4k/tripo/tri_a_garlic_clove_crushing_pungent_style,tripo,3.9
